epoch,loss,L_align,L_align_t,L_align_tp,EI_micro_fixed,EI_macro,delta_EI,L_var,L_local,L_sharp,L_proto,L_min_usage,L_max_usage,Keff_t,Keff_tp,hardK_t,hardK_tp,usage_t_min,usage_t_max,usage_tp_min,usage_tp_max
1,8.89017105102539,2.4057435989379883,0.26261937618255615,4.548867702484131,3.2364661693573,0.0016369819641113281,-3.2348291873931885,0.0,0.04150967299938202,0.7359426021575928,0.0002489680191501975,0.0,0.0,30.64918327331543,37.207183837890625,27,35,0.0005088357138447464,0.10422181338071823,0.0004390352696646005,0.07354927062988281
2,8.887324333190918,2.4134936332702637,0.28845638036727905,4.5385308265686035,3.2364661693573,0.006636619567871094,-3.2298295497894287,0.0,0.0479218028485775,0.7061668634414673,0.00024325695994775742,0.0,0.0,26.98016929626465,33.50816345214844,25,31,0.00045233461423777044,0.11523264646530151,0.0004423891077749431,0.08273899555206299
3,8.87547492980957,2.416656494140625,0.30631446838378906,4.526998519897461,3.2364661693573,0.0142669677734375,-3.2221992015838623,1.1658004950731993e-05,0.0532815158367157,0.6853518486022949,0.00023928975861053914,0.0,6.53614042676054e-05,25.133638381958008,30.849109649658203,25,28,0.0004152784822508693,0.136433407664299,0.0004213138890918344,0.09386707842350006
4,8.854623794555664,2.414278268814087,0.3131787180900574,4.515377998352051,3.2364661693573,0.023090839385986328,-3.2133753299713135,2.7141155442222953e-05,0.056101683527231216,0.6760157346725464,0.00023744950885884464,0.0,0.0,25.608705520629883,28.50379180908203,25,26,0.0003949622332584113,0.12466909736394882,0.0004019248590338975,0.10497109591960907
5,8.833738327026367,2.4128191471099854,0.3217281699180603,4.503910064697266,3.2364661693573,0.033349037170410156,-3.2031171321868896,2.9864575481042266e-05,0.05938665196299553,0.6629490852355957,0.00023724086349830031,0.0,0.00013484257215168327,24.9467830657959,26.593963623046875,25,25,0.0003669254947453737,0.1414220929145813,0.0003942940093111247,0.11645739525556564
6,8.819551467895508,2.418807029724121,0.34520286321640015,4.492411136627197,3.2364661693573,0.042719364166259766,-3.19374680519104,6.933900294825435e-06,0.06014376878738403,0.6585490703582764,0.000239023647736758,0.0,2.5095391720242333e-06,25.556774139404297,25.27155303955078,25,23,0.0003524112980812788,0.12217797338962555,0.00039587123319506645,0.12724032998085022
7,8.802118301391602,2.421558380126953,0.36269456148147583,4.480422019958496,3.2364661693573,0.052937984466552734,-3.183528184890747,0.0,0.061373963952064514,0.6518396735191345,0.0002402404643362388,0.0,4.192583219264634e-05,25.422353744506836,24.138839721679688,26,20,0.00033861937117762864,0.12836328148841858,0.0004256295505911112,0.1335170418024063
8,8.77794075012207,2.4200353622436523,0.37326759099960327,4.466803073883057,3.2364661693573,0.06450271606445312,-3.1719634532928467,0.0,0.06183195114135742,0.6478759050369263,0.00024131576356012374,0.0,9.722982940729707e-05,25.339263916015625,23.5354061126709,28,20,0.00033321327646262944,0.13894487917423248,0.000386015948606655,0.11797942221164703
9,8.765803337097168,2.425750732421875,0.39856022596359253,4.452941417694092,3.2364661693573,0.07292842864990234,-3.1635377407073975,0.0,0.062018658965826035,0.6463885307312012,0.0002426559804007411,0.0,0.0,26.228239059448242,22.625167846679688,26,22,0.0003393538645468652,0.1203208714723587,0.00034467875957489014,0.12025579065084457
10,8.754375457763672,2.4299230575561523,0.42044952511787415,4.439396381378174,3.2364661693573,0.0807504653930664,-3.1557157039642334,0.0,0.06314978748559952,0.6409158706665039,0.0002443574776407331,0.0,1.5484129107790068e-05,26.38142204284668,21.542179107666016,28,19,0.000327430636389181,0.12061101198196411,0.000316519639454782,0.13056491315364838
11,8.721183776855469,2.4333548545837402,0.4376380443572998,4.429071426391602,3.2364661693573,0.09893035888671875,-3.137535810470581,0.0,0.0642956793308258,0.6353908181190491,0.0002456579532008618,0.0,0.0,26.141836166381836,20.77752113342285,26,19,0.00030013301875442266,0.12055303156375885,0.00030673042056150734,0.11653031408786774
12,8.693914413452148,2.434276580810547,0.4507894515991211,4.417763710021973,3.2364661693573,0.11301136016845703,-3.1234548091888428,9.542593033984303e-06,0.06576690077781677,0.6281260251998901,0.0002470503095537424,0.0,1.0590848432912026e-05,25.843830108642578,19.76022720336914,26,20,0.0002826680429279804,0.11929485946893692,0.00030201327172107995,0.1296023577451706
13,8.669466018676758,2.4342739582061768,0.46329352259635925,4.405254364013672,3.2364661693573,0.1257152557373047,-3.110750913619995,2.6474648620933294e-05,0.06734227389097214,0.6205326318740845,0.0002491011982783675,0.0,0.00012022423470625654,25.617937088012695,18.730070114135742,27,20,0.00027040360146202147,0.11766695231199265,0.00030594447162002325,0.13701605796813965
14,8.64736270904541,2.4343721866607666,0.47589534521102905,4.392848968505859,3.2364661693573,0.13643455505371094,-3.100031614303589,3.185798414051533e-05,0.06851692497730255,0.6168422698974609,0.00025109309353865683,0.0,5.07947443111334e-05,25.644990921020508,18.30880355834961,26,19,0.0002533321385271847,0.11731193214654922,0.0003046162019018084,0.13207177817821503
15,8.632071495056152,2.433314800262451,0.48675253987312317,4.379877090454102,3.2364661693573,0.1432790756225586,-3.093187093734741,3.740776446647942e-05,0.06930383294820786,0.6147504448890686,0.0002533640363253653,0.0,0.0,25.68184471130371,18.168973922729492,27,20,0.00023705196508672088,0.11850762367248535,0.0003015014517586678,0.12400408834218979
16,8.61879825592041,2.4324185848236084,0.4985235929489136,4.366313457489014,3.2364661693573,0.1495037078857422,-3.0869624614715576,3.767732414416969e-05,0.07038075476884842,0.6109098196029663,0.00025555884349159896,0.0,1.4672371435153764e-05,25.554197311401367,17.838415145874023,27,19,0.00022142575471661985,0.1202101856470108,0.0002887638402171433,0.1304170787334442
17,8.60477352142334,2.4306254386901855,0.5089936852455139,4.352257251739502,3.2364661693573,0.15572309494018555,-3.0807430744171143,2.9504328267648816e-05,0.071369968354702,0.6065553426742554,0.0002577562117949128,0.0,4.500373324844986e-05,25.19761085510254,17.54582405090332,27,18,0.00020539556862786412,0.1221829429268837,0.0002666320069693029,0.13448722660541534
18,8.589946746826172,2.427846908569336,0.5179672837257385,4.337726593017578,3.2364661693573,0.16166400909423828,-3.0748021602630615,1.1371128493919969e-05,0.07227511703968048,0.6018632650375366,0.00025985087268054485,0.0,3.949593519791961e-05,24.62502098083496,17.313032150268555,26,19,0.00019076146418228745,0.13342928886413574,0.00025420438032597303,0.12781761586666107
19,8.57680606842041,2.425224781036377,0.5280036926269531,4.322445869445801,3.2364661693573,0.16689729690551758,-3.0695688724517822,0.0,0.07334071397781372,0.5980323553085327,0.00026201060973107815,0.0,4.303273817640729e-05,24.583148956298828,16.906570434570312,25,19,0.00017914714408107102,0.1278514266014099,0.00024324728292413056,0.13307394087314606
20,8.563101768493652,2.421658754348755,0.5362095832824707,4.307107925415039,3.2364661693573,0.17190837860107422,-3.0645577907562256,0.0,0.0744590014219284,0.5937153100967407,0.0002644092310220003,0.0,4.0016049752011895e-05,24.489316940307617,16.445453643798828,27,19,0.00016815440903883427,0.12605413794517517,0.0002296865568496287,0.13151037693023682
21,8.548377990722656,2.4183011054992676,0.5445239543914795,4.292078495025635,3.2364661693573,0.17744970321655273,-3.059016466140747,0.0,0.07585792243480682,0.5885487198829651,0.00026707042707130313,1.3887090262454382e-13,2.1907917471253313e-05,24.18020248413086,15.995442390441895,27,20,0.0001557229843456298,0.12294544279575348,0.0002163185563404113,0.12978848814964294
22,8.527508735656738,2.4156296253204346,0.5542723536491394,4.276987075805664,3.2364661693573,0.18707513809204102,-3.049391031265259,0.0,0.07736451923847198,0.5825783610343933,0.00027026189491152763,9.15535841583548e-11,0.00013899824989493936,23.60066032409668,15.599786758422852,27,20,0.00014271828695200384,0.12239030748605728,0.00020219320140313357,0.14090898633003235
23,8.436196327209473,2.415792942047119,0.5681478977203369,4.263437747955322,3.2364661693573,0.2326521873474121,-3.0038139820098877,1.4686957001686096e-05,0.07868757098913193,0.5773082971572876,0.0002743852965068072,4.076330661906269e-10,0.00011599085701163858,22.875999450683594,15.442758560180664,26,21,0.00012769713066518307,0.138507679104805,0.00019345305918250233,0.12912416458129883
24,8.370555877685547,2.417071580886841,0.5844713449478149,4.249671936035156,3.2364661693573,0.26625919342041016,-2.9702069759368896,2.37835047300905e-05,0.07999396324157715,0.5727142095565796,0.000280024076346308,9.76000169572444e-10,0.00015352494665421546,22.348325729370117,15.2672700881958,25,22,0.00011206854833289981,0.13997481763362885,0.00018777679360937327,0.13330967724323273
25,8.181607246398926,2.416419744491577,0.597359299659729,4.235480308532715,3.2364661693573,0.3600935935974121,-2.8763725757598877,2.0170205971226096e-05,0.08125831931829453,0.5681992769241333,0.0002874112979043275,1.4551652105510016e-09,0.0001001240816549398,21.934785842895508,15.055607795715332,25,22,0.00010230251791654155,0.1351013034582138,0.00018920675211120397,0.13378241658210754
26,8.067604064941406,2.4157590866088867,0.6104246973991394,4.221093654632568,3.2364661693573,0.41681575775146484,-2.819650411605835,1.906661782413721e-05,0.08258002251386642,0.563313901424408,0.0002978211850859225,1.7273035224363298e-09,0.00012001540017081425,21.44819450378418,14.873493194580078,26,22,9.747409058036283e-05,0.13510121405124664,0.00019448439707048237,0.13167308270931244
27,8.014800071716309,2.413708209991455,0.6201665997505188,4.207249641418457,3.2364661693573,0.4423537254333496,-2.79411244392395,1.8884544260799885e-05,0.08356812596321106,0.5614007711410522,0.0003104187489952892,2.0059616190337692e-09,0.00015586130029987544,21.316530227661133,14.92515754699707,27,22,9.291025344282389e-05,0.13723720610141754,0.00021056683908682317,0.13337509334087372
28,7.964288711547852,2.409973621368408,0.6262586116790771,4.19368839263916,3.2364661693573,0.46535301208496094,-2.771113157272339,2.3204920580610633e-05,0.08422012627124786,0.5625045299530029,0.00032466070842929184,2.2064654547904183e-09,7.506510155508295e-05,21.5950984954834,15.156573295593262,27,22,9.001556463772431e-05,0.1310032159090042,0.00019834190607070923,0.13567359745502472
29,7.916274547576904,2.4045424461364746,0.6291874051094055,4.179897308349609,3.2364661693573,0.48656511306762695,-2.749901056289673,2.893171040341258e-05,0.08472840487957001,0.5640028715133667,0.00034045142820104957,2.342521732145997e-09,5.5266344133997336e-05,21.90118980407715,15.398995399475098,28,22,8.85769331944175e-05,0.12194935977458954,0.00018693630408961326,0.13329638540744781
30,7.876141548156738,2.397447109222412,0.6291359663009644,4.16575813293457,3.2364661693573,0.5036482810974121,-2.7328178882598877,3.461519372649491e-05,0.08507686853408813,0.5650134086608887,0.00035727748763747513,2.4034831902497444e-09,0.00016520125791430473,22.092605590820312,15.577316284179688,28,22,8.836571214487776e-05,0.12200721353292465,0.00017703732009977102,0.14270564913749695
31,7.842957496643066,2.3893964290618896,0.6268134713172913,4.151979446411133,3.2364661693573,0.5159401893615723,-2.7205259799957275,4.013549187220633e-05,0.08510588109493256,0.566098153591156,0.00037428466021083295,2.4263837605786875e-09,0.00010723361629061401,22.24131965637207,15.723254203796387,29,22,8.86231500771828e-05,0.12370994687080383,0.0001641120616113767,0.13927870988845825
32,7.814334869384766,2.381296396255493,0.6247400641441345,4.137852668762207,3.2364661693573,0.5257120132446289,-2.710754156112671,4.3987296521663666e-05,0.08498868346214294,0.5666669607162476,0.0003910993691533804,2.4684774224681405e-09,7.455708328052424e-06,22.363117218017578,15.76241683959961,29,21,8.9010049123317e-05,0.12607654929161072,0.00014663160254713148,0.12767629325389862
33,7.793031692504883,2.3727784156799316,0.6235514879226685,4.122005462646484,3.2364661693573,0.5321602821350098,-2.70430588722229,4.0034035919234157e-05,0.08485520631074905,0.5664862394332886,0.0004080859071109444,2.887047489963379e-09,1.9016930309589952e-05,22.47979164123535,15.648380279541016,29,21,8.99939623195678e-05,0.12761160731315613,0.00013000656326767057,0.1305868923664093
34,7.774857521057129,2.364301919937134,0.6234735250473022,4.105130195617676,3.2364661693573,0.5369858741760254,-2.6994802951812744,2.731458516791463e-05,0.08476445823907852,0.5659984946250916,0.0004246285534463823,3.5984724089388465e-09,1.624930700927507e-05,22.628387451171875,15.453837394714355,29,21,9.194020094582811e-05,0.12666091322898865,0.00011654282570816576,0.1304534375667572
35,7.758447170257568,2.355902671813965,0.6247266530990601,4.08707857131958,3.2364661693573,0.5408935546875,-2.6955726146698,6.067741196602583e-06,0.08478319644927979,0.565043568611145,0.00044073068420402706,4.389889340927766e-09,3.7282251241776976e-07,22.769990921020508,15.195524215698242,29,19,9.453205711906776e-05,0.12445273995399475,0.00010527941049076617,0.12586350739002228
36,7.743512153625488,2.3475072383880615,0.6275644898414612,4.067450046539307,3.2364661693573,0.5441670417785645,-2.6922991275787354,0.0,0.08497847616672516,0.5631720423698425,0.00045616034185513854,5.231521882365087e-09,5.256927579466719e-06,22.84621810913086,14.846061706542969,28,19,9.742157999426126e-05,0.12271545082330704,9.540953760733828e-05,0.12824250757694244
37,7.729712963104248,2.3385708332061768,0.6314700841903687,4.045671463012695,3.2364661693573,0.546668529510498,-2.6897976398468018,0.0,0.08529135584831238,0.5606141686439514,0.0004714106908068061,6.077073066990124e-09,2.3979991965461522e-05,22.8566837310791,14.442721366882324,28,19,0.00010052912693936378,0.12119252234697342,8.678726590005681e-05,0.1319253146648407
38,7.716329097747803,2.3288190364837646,0.6362927556037903,4.021345138549805,3.2364661693573,0.5483694076538086,-2.688096761703491,6.069138180464506e-06,0.08566458523273468,0.5575621128082275,0.00048629703815095127,6.940520158593699e-09,6.206209491210757e-06,22.7811336517334,14.033530235290527,27,18,0.00010355070844525471,0.11978462338447571,7.928606646601111e-05,0.12852312624454498
39,7.702551364898682,2.3182625770568848,0.6422070860862732,3.9943182468414307,3.2364661693573,0.5499134063720703,-2.6865527629852295,1.0791962267830968e-05,0.08631065487861633,0.5536047220230103,0.0005009587039239705,7.882430708150423e-09,0.0,22.621397018432617,13.590340614318848,27,18,0.00010680963896447793,0.11816168576478958,7.291661313502118e-05,0.12414982169866562
40,7.688292503356934,2.306989908218384,0.6489368677139282,3.965043067932129,3.2364661693573,0.5514841079711914,-2.6849820613861084,1.2517266441136599e-05,0.0872308611869812,0.5486159324645996,0.0005153932143002748,8.93347440467096e-09,2.5052790078916587e-05,22.362119674682617,13.107495307922363,27,16,0.00011022053513443097,0.1162739098072052,6.714084884151816e-05,0.1319335252046585
41,7.675148963928223,2.2958743572235107,0.6567497253417969,3.9349989891052246,3.2364661693573,0.5527539253234863,-2.6837122440338135,9.762385161593556e-06,0.08818338811397552,0.5430466532707214,0.0005293869762681425,9.989006066746242e-09,8.740519842831418e-05,21.977075576782227,12.662278175354004,28,13,0.0001140825916081667,0.11384037882089615,6.176073657115921e-05,0.1359848827123642
42,7.663605213165283,2.2856526374816895,0.6657968759536743,3.905508518218994,3.2364661693573,0.5536694526672363,-2.6827967166900635,5.661626346409321e-06,0.08914943039417267,0.5371604561805725,0.0005429509910754859,1.1210764760960501e-08,0.00015013557276688516,21.447187423706055,12.299398422241211,28,13,0.00011827448906842619,0.11106451600790024,5.671038888976909e-05,0.1391240507364273
43,7.6520185470581055,2.275585412979126,0.6759651899337769,3.8752055168151855,3.2364661693573,0.5542864799499512,-2.6821796894073486,1.650632475502789e-05,0.09071505814790726,0.5304361581802368,0.0005563877057284117,1.2992611431172918e-08,0.00013372398097999394,20.781394958496094,11.978081703186035,28,10,0.0001215804586536251,0.11799493432044983,5.266315201879479e-05,0.1376529037952423
44,7.640861988067627,2.2651991844177246,0.6872063875198364,3.8431921005249023,3.2364661693573,0.5546998977661133,-2.6817662715911865,3.0239811167120934e-05,0.09269628673791885,0.5229046940803528,0.0005694542778655887,1.556069406660754e-08,0.00015284391702152789,19.992525100708008,11.681992530822754,28,9,0.00012351285840850323,0.13250869512557983,4.931649527861737e-05,0.13850773870944977
45,7.626948356628418,2.252077341079712,0.6956600546836853,3.8084945678710938,3.2364661693573,0.5549764633178711,-2.6814897060394287,3.45995940733701e-05,0.09402798861265182,0.5167430639266968,0.0005821374943479896,1.8841790350165866e-08,0.00014050176832824945,19.3277645111084,11.429920196533203,28,9,0.00012437884288374335,0.13541370630264282,4.6049768570810556e-05,0.1346650868654251
46,7.611129283905029,2.2369072437286377,0.7010178565979004,3.772796630859375,3.2364661693573,0.5552272796630859,-2.681238889694214,2.6809924747794867e-05,0.09457075595855713,0.5119720697402954,0.0005947824683971703,2.2416045908357773e-08,0.00013587609282694757,18.775938034057617,11.215461730957031,27,9,0.00012380327098071575,0.13716627657413483,4.2489744373597205e-05,0.13367970287799835
47,7.59725284576416,2.224158525466919,0.7131436467170715,3.735173225402832,3.2364661693573,0.5555148124694824,-2.6809513568878174,2.2553227609023452e-05,0.09516799449920654,0.5081106424331665,0.0006066495552659035,2.5863398533942927e-08,8.849088044371456e-05,18.441757202148438,11.0183687210083,27,9,0.00012353042257018387,0.1285124570131302,3.911902604158968e-05,0.13411998748779297
48,7.583425521850586,2.2106571197509766,0.7265670299530029,3.694746971130371,3.2364661693573,0.5557551383972168,-2.680711030960083,1.8377089872956276e-05,0.09637624025344849,0.5033280849456787,0.0006178675685077906,2.9362430709056753e-08,0.00011370424181222916,18.00690269470215,10.832338333129883,26,9,0.00012192111171316355,0.1322026550769806,3.632075822679326e-05,0.1361737698316574
49,7.566905975341797,2.1950554847717285,0.7370043992996216,3.653106451034546,3.2364661693573,0.5560994148254395,-2.6803667545318604,1.5528290532529354e-05,0.09800784289836884,0.4984758496284485,0.0006287931464612484,3.323709663050067e-08,0.00010052366269519553,17.616439819335938,10.64527702331543,26,9,0.00012000079004792497,0.13401596248149872,3.38906429533381e-05,0.13259536027908325
50,7.54818868637085,2.1774048805236816,0.7459043264389038,3.60890531539917,3.2364661693573,0.55645751953125,-2.68000864982605,1.3215612852945924e-05,0.09989917278289795,0.4936731457710266,0.0006386343156918883,3.733871878353057e-08,7.516035111621022e-05,17.26347541809082,10.476325035095215,25,9,0.00011692816042341292,0.12644317746162415,3.173373261233792e-05,0.13250504434108734
51,7.527132034301758,2.1568996906280518,0.7527579069137573,3.5610413551330566,3.2364661693573,0.5569672584533691,-2.6794989109039307,2.135612885467708e-05,0.10180643945932388,0.48844125866889954,0.0006483379984274507,4.1620523916208185e-08,0.00013137691712472588,16.802579879760742,10.333216667175293,25,9,0.00011323694343445823,0.13374090194702148,2.9582333809230477e-05,0.1338823139667511
52,7.501220226287842,2.132673740386963,0.7553648948669434,3.5099823474884033,3.2364661693573,0.5578908920288086,-2.678575277328491,2.912053605541587e-05,0.10331973433494568,0.4837909936904907,0.0006580104236491024,4.583225887699882e-08,0.00015587864618282765,16.35544204711914,10.208921432495117,25,9,0.0001114038605010137,0.13080815970897675,2.735133602982387e-05,0.13661935925483704
53,7.470137596130371,2.1054916381835938,0.7548788785934448,3.456104278564453,3.2364661693573,0.5598783493041992,-2.6765878200531006,4.164795973338187e-05,0.10493965446949005,0.47889143228530884,0.0006678607896901667,5.0168544873940846e-08,0.00017173255037050694,15.868993759155273,10.08956241607666,25,9,0.0001102996029658243,0.12837564945220947,2.536566353228409e-05,0.14005044102668762
54,7.432816982269287,2.077343463897705,0.7554019689559937,3.399284839630127,3.2364661693573,0.5656065940856934,-2.6708595752716064,5.229347152635455e-05,0.1069420576095581,0.47329235076904297,0.0006784209981560707,5.447257933610672e-08,0.00040997739415615797,15.333318710327148,9.972137451171875,25,9,0.000105722137959674,0.14879806339740753,2.383939499850385e-05,0.1379081904888153
55,7.381900787353516,2.056452751159668,0.7742539644241333,3.338651657104492,3.2364661693573,0.579716682434082,-2.6567494869232178,5.726856761611998e-05,0.1076093316078186,0.47019174695014954,0.0006899887230247259,5.745843267845885e-08,0.00023496572976000607,15.143400192260742,9.854125022888184,24,8,0.00010538414062466472,0.13965171575546265,2.268312528030947e-05,0.13483987748622894
56,7.338198184967041,2.035280466079712,0.7970269918441772,3.273533821105957,3.2364661693573,0.5906729698181152,-2.6457931995391846,6.68775464873761e-05,0.10760495066642761,0.4674012362957001,0.000704083766322583,5.8825769144732476e-08,0.00017752067651599646,14.929289817810059,9.766548156738281,24,8,0.00010505122190807015,0.12982909381389618,2.2456018996308558e-05,0.13795022666454315
57,7.3025007247924805,2.009744167327881,0.8144913911819458,3.2049970626831055,3.2364661693573,0.5971407890319824,-2.6393253803253174,7.281321450136602e-05,0.107455775141716,0.46422404050827026,0.0007199614774435759,5.961202020898781e-08,0.00046040251618251204,14.667247772216797,9.682881355285645,23,8,0.00010312499216524884,0.14473330974578857,2.284409129060805e-05,0.1427289843559265
58,7.262658596038818,1.9832406044006348,0.8328810930252075,3.1335999965667725,3.2364661693573,0.6033592224121094,-2.6331069469451904,8.392662857659161e-05,0.10762640833854675,0.46223950386047363,0.0007376043358817697,6.065640434371744e-08,0.00037272568442858756,14.617229461669922,9.594782829284668,23,8,0.00010185225983150303,0.13991542160511017,2.3800812414265238e-05,0.14099422097206116
59,7.219053268432617,1.9545769691467285,0.8510404825210571,3.0581135749816895,3.2364661693573,0.609929084777832,-2.6265370845794678,0.00010338431457057595,0.10837822407484055,0.46035438776016235,0.0007569101871922612,6.220685122571012e-08,0.0001939820940606296,14.619418144226074,9.504138946533203,21,8,9.992702689487487e-05,0.12403212487697601,2.5268158424296416e-05,0.13784711062908173
60,7.173196315765381,1.9221271276474,0.8660154938697815,2.978238821029663,3.2364661693573,0.616727352142334,-2.619738817214966,0.00011811204603873193,0.1093813106417656,0.4578545093536377,0.0007775075500831008,6.386556350435058e-08,0.00021602827473543584,14.518831253051758,9.432029724121094,21,8,9.642780059948564e-05,0.1332949697971344,2.7395188226364553e-05,0.13528190553188324
61,7.122594356536865,1.8865686655044556,0.8811404705047607,2.8919968605041504,3.2364661693573,0.6249737739562988,-2.611492395401001,0.0001245671883225441,0.11011271178722382,0.4557618796825409,0.0007990220910869539,6.471390889828399e-08,0.00036410067696124315,14.388702392578125,9.401728630065918,20,8,9.047843923326582e-05,0.1416856199502945,3.0067914849496447e-05,0.13778407871723175
62,7.068800926208496,1.849968671798706,0.9022495746612549,2.7976877689361572,3.2364661693573,0.6338343620300293,-2.6026318073272705,0.0001235227973666042,0.11027263849973679,0.4542068839073181,0.0008217685390263796,6.51443983201716e-08,0.0004195963847450912,14.238476753234863,9.406484603881836,20,8,8.603886817581952e-05,0.14137059450149536,2.9747374355793e-05,0.14464564621448517
63,7.00877571105957,1.8136885166168213,0.9302316904067993,2.6971452236175537,3.2364661693573,0.6453676223754883,-2.5910985469818115,0.00012895025429315865,0.11024530977010727,0.4518834352493286,0.0008462266414426267,6.695056953276435e-08,0.00035537019721232355,13.924592018127441,9.42007827758789,19,8,8.257781155407429e-05,0.13107433915138245,2.876266989915166e-05,0.14501342177391052
64,6.9245476722717285,1.7760332822799683,0.9596924781799316,2.592374086380005,3.2364661693573,0.6684889793395996,-2.5679771900177,0.00018141893087886274,0.11020803451538086,0.4478607475757599,0.0008728487882763147,7.050078210113497e-08,0.0003246192936785519,13.3499755859375,9.420951843261719,17,8,7.759111758787185e-05,0.13241155445575714,2.7178570235264488e-05,0.14136363565921783
65,6.809327602386475,1.7360074520111084,0.9905191659927368,2.4814958572387695,3.2364661693573,0.7082018852233887,-2.528264284133911,0.0002776915207505226,0.11003673076629639,0.44293075799942017,0.0009012889349833131,7.598141849030071e-08,0.0007474434096366167,12.663350105285645,9.39556884765625,15,9,7.387946243397892e-05,0.15547749400138855,2.4687407858436927e-05,0.1414964348077774
66,6.73759126663208,1.6904501914978027,1.0208686590194702,2.3600316047668457,3.2364661693573,0.7196383476257324,-2.5168278217315674,0.0003430526121519506,0.11258193105459213,0.4375309944152832,0.0009272363968193531,8.219837610567993e-08,0.0004205859440844506,12.232574462890625,9.33472728729248,14,9,7.099514914443716e-05,0.1350788176059723,2.225128082500305e-05,0.14432767033576965
67,6.672330379486084,1.638278603553772,1.0462865829467773,2.2302706241607666,3.2364661693573,0.7282447814941406,-2.508221387863159,0.00038752323598600924,0.116419717669487,0.43065810203552246,0.000954967166762799,8.960998343354731e-08,0.000841628760099411,11.742324829101562,9.266980171203613,13,9,6.66402920614928e-05,0.1497398465871811,2.033769487752579e-05,0.1447504162788391
68,6.544389724731445,1.5767608880996704,1.059960126876831,2.0935616493225098,3.2364661693573,0.7613611221313477,-2.475105047225952,0.00046221696538850665,0.12034452706575394,0.4248892664909363,0.0009857399854809046,9.868762163023348e-08,0.0008261095499619842,11.417402267456055,9.191766738891602,12,9,6.408243643818423e-05,0.1426813006401062,1.8412456483929418e-05,0.14454586803913116
69,6.4401750564575195,1.5150442123413086,1.0761945247650146,1.9538938999176025,3.2364661693573,0.7826051712036133,-2.4538609981536865,0.0005707101663574576,0.12352363765239716,0.420474112033844,0.0010220138356089592,1.0911536918456477e-07,0.0008223127806559205,11.213017463684082,9.109094619750977,12,9,6.342288543237373e-05,0.1504148542881012,1.6336987755494192e-05,0.1435539573431015
70,6.369462966918945,1.4561418294906616,1.1046775579452515,1.8076061010360718,3.2364661693573,0.7883214950561523,-2.4481446743011475,0.0007013658178038895,0.12612515687942505,0.41655945777893066,0.0010595383355394006,1.213864919691332e-07,0.0007785992929711938,11.042448043823242,9.003602027893066,13,9,5.847046850249171e-05,0.1542663723230362,1.4321029993880074e-05,0.1435755491256714
71,6.30099630355835,1.3991914987564087,1.1417827606201172,1.6566002368927002,3.2364661693573,0.7943630218505859,-2.442103147506714,0.0008064874564297497,0.1284266859292984,0.41286760568618774,0.0010957359336316586,1.3531284537293686e-07,0.0008314177393913269,10.899477005004883,8.858713150024414,13,9,5.268084350973368e-05,0.14556647837162018,1.2480689292715397e-05,0.1463097631931305
72,6.2225236892700195,1.3417277336120605,1.1787573099136353,1.5046981573104858,3.2364661693573,0.8058452606201172,-2.4306209087371826,0.000867971801199019,0.1296572983264923,0.40996840596199036,0.0011295259464532137,1.5121221963454445e-07,0.0010259776609018445,10.774877548217773,8.69832992553711,12,9,4.77786197734531e-05,0.13638925552368164,1.0699098311306443e-05,0.15982656180858612
73,6.115999221801758,1.2843356132507324,1.212111234664917,1.3565601110458374,3.2364661693573,0.8308839797973633,-2.4055821895599365,0.0008834847249090672,0.12986189126968384,0.40741682052612305,0.0011621688026934862,1.69782936154661e-07,0.0011233490658923984,10.640616416931152,8.554309844970703,12,9,4.51583182439208e-05,0.14107893407344818,9.149773177341558e-06,0.15639090538024902
74,5.991947650909424,1.2273495197296143,1.2412668466567993,1.2134320735931396,3.2364661693573,0.8647518157958984,-2.3717143535614014,0.0008991453796625137,0.13053080439567566,0.4042789340019226,0.0011968305334448814,1.9018388286440313e-07,0.0011942923301830888,10.543632507324219,8.396668434143066,12,9,4.4069220166420564e-05,0.14263853430747986,8.047290066315327e-06,0.1479404866695404
75,5.927372455596924,1.1715734004974365,1.266884684562683,1.0762622356414795,3.2364661693573,0.8707809448242188,-2.365685224533081,0.000908353365957737,0.13226273655891418,0.4002704620361328,0.0012340742396190763,2.0950197665570158e-07,0.0015265813563019037,10.415055274963379,8.23897933959961,12,9,3.678550274344161e-05,0.15153224766254425,7.595121132908389e-06,0.1557774394750595
76,5.854668140411377,1.1216503381729126,1.2930173873901367,0.9502832889556885,3.2364661693573,0.8832693099975586,-2.353196859359741,0.0009565453510731459,0.13357724249362946,0.3969441056251526,0.0012697179336100817,2.2102187813288765e-07,0.0017472193576395512,10.271069526672363,8.149866104125977,12,9,3.10265677399002e-05,0.15617559850215912,7.696598913753405e-06,0.15253901481628418
77,5.796960353851318,1.076557993888855,1.3194900751113892,0.833625853061676,3.2364661693573,0.8893356323242188,-2.347130537033081,0.0010021347552537918,0.13481733202934265,0.39436352252960205,0.0013056225143373013,2.2990377601672662e-07,0.0016987919807434082,10.204655647277832,8.06295394897461,11,9,2.6721761969383806e-05,0.15068213641643524,7.906530299806036e-06,0.15363210439682007
78,5.735445499420166,1.0358366966247559,1.341657280921936,0.7300159931182861,3.2364661693573,0.8990492820739746,-2.337416887283325,0.0010446421802043915,0.13634563982486725,0.39205402135849,0.0013403865741565824,2.400242919975426e-07,0.0015619031619280577,10.160357475280762,7.998394012451172,12,9,2.3335380319622345e-05,0.14156654477119446,7.817263394827023e-06,0.1525724232196808
79,5.6689958572387695,0.9969637989997864,1.3527534008026123,0.6411741971969604,3.2364661693573,0.913783073425293,-2.322683095932007,0.0010755148250609636,0.13884179294109344,0.3890625834465027,0.0013753866078332067,2.5070173137464735e-07,0.0017531518824398518,10.082903861999512,7.9507293701171875,12,9,2.045764631475322e-05,0.14398321509361267,7.588167591165984e-06,0.16141895949840546
80,5.562433242797852,0.9572916030883789,1.348775863647461,0.5658072829246521,3.2364661693573,0.9491019248962402,-2.2873642444610596,0.0010834472486749291,0.14173750579357147,0.3854368329048157,0.0014112232020124793,2.6340464387430984e-07,0.0021336290519684553,9.97498607635498,7.897168159484863,12,10,1.8054777683573775e-05,0.14143595099449158,7.374700544460211e-06,0.16787883639335632
81,5.430286884307861,0.9180953502655029,1.3340911865234375,0.5020995140075684,3.2364661693573,0.9973859786987305,-2.2390801906585693,0.0010965826222673059,0.14374814927577972,0.3821049928665161,0.0014485797146335244,2.8169750976303476e-07,0.002499974798411131,9.832898139953613,7.848803997039795,11,9,1.6182446415768936e-05,0.15145455300807953,6.775823749194387e-06,0.16797219216823578
82,5.273521423339844,0.8821563124656677,1.3150253295898438,0.4492873251438141,3.2364661693573,1.0596270561218262,-2.1768391132354736,0.0010837087174877524,0.14503994584083557,0.37913778424263,0.0014903368428349495,2.9868837714275287e-07,0.0028719198890030384,9.689095497131348,7.800516128540039,11,9,1.5121766409720294e-05,0.16411933302879333,6.357868642226094e-06,0.16398392617702484
83,5.178489685058594,0.8498048186302185,1.2951240539550781,0.4044855535030365,3.2364661693573,1.0917186737060547,-2.144747495651245,0.001077583758160472,0.14486458897590637,0.377591609954834,0.001540720579214394,3.121610632206284e-07,0.003024905454367399,9.635790824890137,7.733824729919434,12,9,1.4873408872517757e-05,0.17195020616054535,6.242164090508595e-06,0.15878644585609436
84,5.0975260734558105,0.8196802139282227,1.276402473449707,0.3629579246044159,3.2364661693573,1.1143932342529297,-2.12207293510437,0.0010733362287282944,0.14327087998390198,0.378182053565979,0.0015995795838534832,3.1623045515516424e-07,0.0024739541113376617,9.688758850097656,7.708771705627441,11,9,1.534788498247508e-05,0.16765166819095612,6.356428912113188e-06,0.15520331263542175
85,5.00978422164917,0.7917007803916931,1.256472110748291,0.3269294202327728,3.2364661693573,1.143953800201416,-2.092512369155884,0.0010638149688020349,0.14116397500038147,0.3789002299308777,0.0016591771272942424,3.1662955279898597e-07,0.0024081470910459757,9.716972351074219,7.707029819488525,10,9,1.537624848424457e-05,0.15543028712272644,6.503075837827055e-06,0.16269856691360474
86,4.9345622062683105,0.7640318274497986,1.2287325859069824,0.29933103919029236,3.2364661693573,1.1654057502746582,-2.0710604190826416,0.0010622440604493022,0.13936777412891388,0.37957414984703064,0.0017185098258778453,3.1729612715025723e-07,0.0019408889347687364,9.710758209228516,7.7456955909729,10,9,1.439502102584811e-05,0.1533334106206894,6.640738320129458e-06,0.15573053061962128
87,4.879611968994141,0.7348184585571289,1.1907252073287964,0.2789117693901062,3.2364661693573,1.177042007446289,-2.0594241619110107,0.0010661291889846325,0.13876600563526154,0.3793330192565918,0.001775406184606254,3.1859289606472885e-07,0.0016933705192059278,9.666020393371582,7.77918004989624,10,9,1.4024712072568946e-05,0.14977703988552094,6.646820565947564e-06,0.1503838151693344
88,4.833148956298828,0.7025094628334045,1.1421701908111572,0.26284873485565186,3.2364661693573,1.1853833198547363,-2.0510828495025635,0.0010869818506762385,0.1393321454524994,0.3779648542404175,0.0018277410417795181,3.209793817404716e-07,0.0019458445021882653,9.599315643310547,7.76610803604126,10,9,1.450341642339481e-05,0.14919349551200867,6.527464393002447e-06,0.1582985371351242
89,4.790422439575195,0.6681450009346008,1.0870085954666138,0.2492813616991043,3.2364661693573,1.189375400543213,-2.047090768814087,0.0011133009102195501,0.14036472141742706,0.3764461576938629,0.0018750777235254645,3.231515108836902e-07,0.0019075492164120078,9.515128135681152,7.758039474487305,10,9,1.5565650755888782e-05,0.15199653804302216,6.513309926958755e-06,0.15989626944065094
90,4.750762462615967,0.6349258422851562,1.0326166152954102,0.23723508417606354,3.2364661693573,1.1916813850402832,-2.0447847843170166,0.0011190364602953196,0.14116553962230682,0.37495505809783936,0.0019168710568919778,3.24280165386881e-07,0.0017261805478483438,9.390713691711426,7.771407604217529,10,10,1.6280642739729956e-05,0.15592220425605774,6.787288384657586e-06,0.16052031517028809
91,4.719510555267334,0.6052263379096985,0.9844436645507812,0.22600901126861572,3.2364661693573,1.1938166618347168,-2.042649507522583,0.0011034460039809346,0.14122377336025238,0.3733445405960083,0.0019565578550100327,3.260012420014391e-07,0.0020020180381834507,9.244427680969238,7.761527061462402,10,9,1.5082639038155321e-05,0.1524747908115387,7.21553988114465e-06,0.16166748106479645
92,4.692551136016846,0.5791121125221252,0.9420919418334961,0.216132253408432,3.2364661693573,1.1951713562011719,-2.041294813156128,0.001090989913791418,0.14007803797721863,0.37257659435272217,0.0019982040394097567,3.302998266008217e-07,0.002190400380641222,9.12098217010498,7.750795841217041,9,9,1.3968662642582785e-05,0.1536620706319809,7.39809775041067e-06,0.1598448008298874
93,4.661092281341553,0.5547970533370972,0.9022560119628906,0.20733805000782013,3.2364661693573,1.196070671081543,-2.040395498275757,0.0010884390212595463,0.13841496407985687,0.3727305233478546,0.002040720544755459,3.365667566868069e-07,0.0016549685969948769,9.032722473144531,7.7669267654418945,9,9,1.3146034689270891e-05,0.1460789293050766,7.27870929040364e-06,0.15304510295391083
94,4.634291648864746,0.5316464900970459,0.865034818649292,0.19825813174247742,3.2364661693573,1.1969914436340332,-2.0394747257232666,0.001085352269001305,0.13730977475643158,0.37239381670951843,0.0020834365859627724,3.438078124418098e-07,0.001474273856729269,8.941492080688477,7.772395133972168,9,9,1.2446036635083146e-05,0.1468668133020401,7.159879714890849e-06,0.1485121250152588
95,4.6052021980285645,0.5036357641220093,0.8188061714172363,0.18846532702445984,3.2364661693573,1.197993278503418,-2.038472890853882,0.0010756790870800614,0.13725818693637848,0.37164244055747986,0.0021131562534719706,3.4820467931240273e-07,0.001568599371239543,8.91430377960205,7.753435134887695,9,9,1.1893263035744894e-05,0.1439996361732483,7.163511327235028e-06,0.15311354398727417
96,4.577057361602783,0.4771779179573059,0.7759971022605896,0.17835871875286102,3.2364661693573,1.1992912292480469,-2.037174940109253,0.0010924156522378325,0.13781434297561646,0.3705386519432068,0.0021389061585068703,3.5257431818536134e-07,0.0016595064662396908,8.880178451538086,7.742492198944092,9,9,1.1312331480439752e-05,0.14715711772441864,7.415419077005936e-06,0.14977775514125824
97,4.55255651473999,0.45528602600097656,0.7421331405639648,0.16843891143798828,3.2364661693573,1.2005457878112793,-2.0359203815460205,0.0011001736856997013,0.13850918412208557,0.3693384826183319,0.002164202043786645,3.5798373687612184e-07,0.0016506072133779526,8.83574390411377,7.732418060302734,9,9,1.0769220352813136e-05,0.14673376083374023,7.795308192726225e-06,0.15345700085163116
98,4.532968521118164,0.43696194887161255,0.7143748998641968,0.15954899787902832,3.2364661693573,1.2016210556030273,-2.0348451137542725,0.0010913419537246227,0.1392546445131302,0.36816075444221497,0.002188812242820859,3.6448585660764365e-07,0.0017419826472178102,8.787839889526367,7.720789909362793,9,9,1.0356749953643885e-05,0.1476467251777649,8.005661584320478e-06,0.15628185868263245
99,4.514223098754883,0.4209520220756531,0.6899789571762085,0.15192507207393646,3.2364661693573,1.202467441558838,-2.033998727798462,0.0010802298784255981,0.13961400091648102,0.3674081563949585,0.002213831292465329,3.7216983628240996e-07,0.0016399116721004248,8.754303932189941,7.710756778717041,9,9,1.0148131877940614e-05,0.14802992343902588,7.909448868304025e-06,0.15719899535179138
100,4.496500015258789,0.4066309332847595,0.6686196327209473,0.14464221894741058,3.2364661693573,1.203049659729004,-2.033416509628296,0.0010769739747047424,0.13955330848693848,0.36695772409439087,0.0022394380066543818,3.8056845141909434e-07,0.0014168077614158392,8.737643241882324,7.697702407836914,9,9,1.0103360182256438e-05,0.14270490407943726,7.579401426482946e-06,0.15173642337322235
101,4.481363296508789,0.39433228969573975,0.6521731615066528,0.13649144768714905,3.2364661693573,1.203557014465332,-2.0329091548919678,0.0010617859661579132,0.13945075869560242,0.36643701791763306,0.0022648856975138187,3.896084876942041e-07,0.001236514886841178,8.720666885375977,7.684370040893555,9,9,1.0118003956449684e-05,0.14105753600597382,7.21006608728203e-06,0.1448848396539688
102,4.469952583312988,0.3840208053588867,0.6406800150871277,0.12736161053180695,3.2364661693573,1.204282283782959,-2.032183885574341,0.0010231740307062864,0.13967855274677277,0.3656085729598999,0.002288814401254058,3.985268790529517e-07,0.0012766789877787232,8.697821617126465,7.668869495391846,9,10,1.008729486784432e-05,0.14166951179504395,6.931305961188627e-06,0.14485974609851837
103,4.458837032318115,0.3736009895801544,0.6291149854660034,0.11808697134256363,3.2364661693573,1.2052855491638184,-2.0311806201934814,0.0009612494613975286,0.14016610383987427,0.3647746443748474,0.002309049479663372,4.054162729971722e-07,0.0014152079820632935,8.695225715637207,7.647974014282227,9,10,1.0003146599046886e-05,0.14262531697750092,6.762300472473726e-06,0.1501336246728897
104,4.445666313171387,0.3630225360393524,0.6163867712020874,0.10965832322835922,3.2364661693573,1.2064237594604492,-2.0300424098968506,0.0008836423512548208,0.14095480740070343,0.36410701274871826,0.002326256362721324,4.0985531768455985e-07,0.0013923796359449625,8.715486526489258,7.635684967041016,9,10,9.890846740745474e-06,0.13894936442375183,6.643731012445642e-06,0.15060119330883026
105,4.432896137237549,0.3533150255680084,0.6043225526809692,0.10230749845504761,3.2364661693573,1.207402229309082,-2.0290639400482178,0.000822321861051023,0.14194658398628235,0.36353054642677307,0.0023417738266289234,4.129451554035768e-07,0.0012887304183095694,8.742266654968262,7.634639739990234,9,10,9.697735549707431e-06,0.14213499426841736,6.544393727381248e-06,0.14789119362831116
106,4.421639442443848,0.34419894218444824,0.5927700996398926,0.0956277921795845,3.2364661693573,1.2080802917480469,-2.028385877609253,0.0007654103683307767,0.1428193598985672,0.3630366921424866,0.0023583644069731236,4.1538851291988976e-07,0.001216720324009657,8.772880554199219,7.636280059814453,9,9,9.536123798170593e-06,0.13904441893100739,6.4848527472349815e-06,0.1490568369626999
107,4.410270690917969,0.3353290557861328,0.581513524055481,0.08914455771446228,3.2364661693573,1.2089557647705078,-2.027510404586792,0.0007227053865790367,0.1434628814458847,0.3626525402069092,0.002379625802859664,4.153683619279036e-07,0.001146442606113851,8.802606582641602,7.646148681640625,9,10,9.465388757234905e-06,0.13870380818843842,6.610817763430532e-06,0.14920377731323242
108,4.398881435394287,0.3263275623321533,0.5699429512023926,0.08271215856075287,3.2364661693573,1.2099823951721191,-2.0264837741851807,0.0006744624115526676,0.14401891827583313,0.3622077703475952,0.002400670200586319,4.14902842749143e-07,0.0011183046735823154,8.829473495483398,7.654150485992432,9,10,9.530834176985081e-06,0.13587437570095062,6.761451459169621e-06,0.1479189097881317
109,4.387986660003662,0.3176487684249878,0.5587711334228516,0.07652641832828522,3.2364661693573,1.2111988067626953,-2.0252673625946045,0.0006203624652698636,0.1445521116256714,0.3617391586303711,0.0024203115608543158,4.1410100948269246e-07,0.0011459821835160255,8.856643676757812,7.655953407287598,9,10,9.727788892632816e-06,0.13414883613586426,6.8626623033196665e-06,0.14660057425498962
110,4.377791881561279,0.3101886808872223,0.5495755672454834,0.07080181688070297,3.2364661693573,1.2126221656799316,-2.023844003677368,0.0005619117873720825,0.14515624940395355,0.3613790273666382,0.0024383910931646824,4.1301464648313413e-07,0.001163368346169591,8.886907577514648,7.656484603881836,9,10,9.998877430916764e-06,0.1367839127779007,6.896729246363975e-06,0.1474488228559494
111,4.368170261383057,0.3046521246433258,0.5436720848083496,0.06563214212656021,3.2364661693573,1.2143526077270508,-2.022113561630249,0.0005129602504894137,0.14580242335796356,0.3612198233604431,0.0024559965822845697,4.1082824964178144e-07,0.0011057888623327017,8.919318199157715,7.662103652954102,9,10,1.022857213683892e-05,0.1347511112689972,6.911609489179682e-06,0.14534591138362885
112,4.359011173248291,0.30081069469451904,0.5406785607337952,0.06094282120466232,3.2364661693573,1.2166681289672852,-2.0197980403900146,0.0004697305557783693,0.1463632583618164,0.361080139875412,0.0024718502536416054,4.0933034028967086e-07,0.0010414052521809936,8.948164939880371,7.664248943328857,9,10,1.0398002814326901e-05,0.13277900218963623,6.917179234733339e-06,0.1493675857782364
113,4.349085330963135,0.2976228892803192,0.5386115312576294,0.05663423240184784,3.2364661693573,1.2198095321655273,-2.0166566371917725,0.00042975012911483645,0.14682501554489136,0.36083582043647766,0.0024873956572264433,4.079467998963082e-07,0.0010001411428675056,8.966695785522461,7.665425777435303,9,10,1.0615690371196251e-05,0.1310441941022873,6.9887300924165174e-06,0.15027618408203125
114,4.337163925170898,0.2938818037509918,0.5350602269172668,0.0527033805847168,3.2364661693573,1.223742961883545,-2.012723207473755,0.00038738740840926766,0.14737218618392944,0.36034730076789856,0.0025020588655024767,4.063386427333171e-07,0.0009737181826494634,8.975815773010254,7.665754795074463,9,10,1.1064211321354378e-05,0.13072480261325836,7.1130066316982266e-06,0.14658223092556
115,4.32496452331543,0.28939583897590637,0.529708743095398,0.049082934856414795,3.2364661693573,1.2276182174682617,-2.008847951889038,0.00034688462619669735,0.14800307154655457,0.35969823598861694,0.002515137894079089,4.040560384055425e-07,0.000982509576715529,8.979023933410645,7.663852214813232,9,10,1.1835192708531395e-05,0.1289956420660019,7.246529094118159e-06,0.14725501835346222
116,4.314713954925537,0.2844732999801636,0.5230703353881836,0.045876264572143555,3.2364661693573,1.230301856994629,-2.006164312362671,0.0002958856348413974,0.14883750677108765,0.35895946621894836,0.0025261652190238237,3.998974875685235e-07,0.000992727349512279,8.977129936218262,7.669443607330322,9,11,1.2554743989312556e-05,0.13020463287830353,7.380841907433933e-06,0.1473620980978012
117,4.304351806640625,0.27979111671447754,0.5166229605674744,0.0429592989385128,3.2364661693573,1.2329978942871094,-2.0034682750701904,0.00024568443768657744,0.14999133348464966,0.3582223951816559,0.002535570878535509,3.9206258861668175e-07,0.0009703352698124945,8.977219581604004,7.692745208740234,9,11,1.2755348507198505e-05,0.1318356692790985,7.618946256116033e-06,0.14528687298297882
118,4.295133590698242,0.2754194140434265,0.5105820894241333,0.040256716310977936,3.2364661693573,1.2352056503295898,-2.00126051902771,0.00019022851483896375,0.15137411653995514,0.35746151208877563,0.0025435062125325203,3.819775997726538e-07,0.0009341095574200153,8.983638763427734,7.7243194580078125,9,11,1.2990733921469655e-05,0.1302473098039627,7.944997378217522e-06,0.14619331061840057
119,4.287633895874023,0.27126091718673706,0.5048229098320007,0.03769894316792488,3.2364661693573,1.2368168830871582,-1.9996492862701416,0.00014438785728998482,0.15266567468643188,0.35671675205230713,0.002550085773691535,3.7191406931924575e-07,0.0009281515376642346,8.993227005004883,7.752220630645752,9,11,1.3273061995278113e-05,0.1306285709142685,8.297395652334671e-06,0.14465433359146118
120,4.2807297706604,0.2671501636505127,0.4988816976547241,0.03541862964630127,3.2364661693573,1.2382230758666992,-1.9982430934906006,0.00011463614646345377,0.15389889478683472,0.3559345602989197,0.002554768929257989,3.622459416874335e-07,0.0009345218422822654,9.007505416870117,7.773360729217529,9,12,1.3129541912348941e-05,0.13121643662452698,8.61234002513811e-06,0.14757046103477478
121,4.271459579467773,0.26269030570983887,0.49186956882476807,0.03351105749607086,3.2364661693573,1.2406582832336426,-1.9958078861236572,9.106192737817764e-05,0.15497805178165436,0.3552457094192505,0.002557781059294939,3.523442160258128e-07,0.0009442626615054905,9.032429695129395,7.787222862243652,9,12,1.3230122931418009e-05,0.13044622540473938,8.808695383777376e-06,0.1490573287010193
122,4.262523651123047,0.2591182589530945,0.4863241910934448,0.03191232681274414,3.2364661693573,1.24330472946167,-1.9931614398956299,6.789859617128968e-05,0.15575045347213745,0.3545660972595215,0.002560808788985014,3.453276349318912e-07,0.000940812926273793,9.047106742858887,7.795654296875,9,12,1.3284328815643676e-05,0.12888206541538239,8.859353329171427e-06,0.1468716412782669
123,4.251654624938965,0.25613343715667725,0.4817585349082947,0.030508320778608322,3.2364661693573,1.247096061706543,-1.9893701076507568,5.6609162129461765e-05,0.15625406801700592,0.353959858417511,0.002563971560448408,3.413440481381258e-07,0.0009129286045208573,9.053977012634277,7.79790735244751,9,12,1.3256119927973486e-05,0.12940476834774017,8.7278604041785e-06,0.14589373767375946
124,4.237152099609375,0.2535867393016815,0.4779342710971832,0.0292392335832119,3.2364661693573,1.2530035972595215,-1.9834625720977783,4.5973429223522544e-05,0.15654712915420532,0.3534250855445862,0.0025674195494502783,3.39627547418786e-07,0.0009008765919134021,9.056164741516113,7.790964603424072,9,12,1.3104336176184006e-05,0.12963439524173737,8.496739610563964e-06,0.14516900479793549
125,4.219529628753662,0.2513807713985443,0.4747224450111389,0.028039101511240005,3.2364661693573,1.2608346939086914,-1.9756314754486084,3.8499332731589675e-05,0.15678930282592773,0.3528427481651306,0.0025711613707244396,3.3937840271391906e-07,0.0009273224859498441,9.052864074707031,7.7745747566223145,9,12,1.2803081517631654e-05,0.12872342765331268,8.237448128056712e-06,0.14568090438842773
126,4.20498514175415,0.2490181028842926,0.47108983993530273,0.026946377009153366,3.2364661693573,1.2672734260559082,-1.9691927433013916,3.8419675547629595e-05,0.15712028741836548,0.35222822427749634,0.002577650360763073,3.376725317139062e-07,0.000997905619442463,9.045114517211914,7.760133743286133,10,12,1.242371308762813e-05,0.134319469332695,8.098793841782026e-06,0.14525167644023895
127,4.207693576812744,0.24616968631744385,0.4663686752319336,0.025970708578824997,3.2364661693573,1.2645044326782227,-1.9719617366790771,4.61735762655735e-05,0.157660573720932,0.35169142484664917,0.0025831491220742464,3.3424407774873544e-07,0.0010000832844525576,9.046720504760742,7.756487846374512,10,12,1.2114863238821272e-05,0.13574843108654022,8.035971404751763e-06,0.14467616379261017
128,4.189743518829346,0.24325314164161682,0.4615195691585541,0.02498670294880867,3.2364661693573,1.271592617034912,-1.9648735523223877,3.5893579479306936e-05,0.1583871692419052,0.35155993700027466,0.0025886553339660168,3.2883411904549575e-07,0.0009155250154435635,9.070170402526855,7.776826858520508,10,12,1.1962371900153812e-05,0.13171495497226715,8.0255258581019e-06,0.14484809339046478
129,4.181388854980469,0.24051564931869507,0.4570261836051941,0.02400512993335724,3.2364661693573,1.2743439674377441,-1.9621222019195557,2.8064678190276027e-05,0.15914574265480042,0.3513481020927429,0.00259313709102571,3.2299692520609824e-07,0.0009051419328898191,9.096756935119629,7.797518730163574,10,12,1.1883270417456515e-05,0.1303243637084961,8.100815648504067e-06,0.1452288180589676
130,4.176359176635742,0.23824700713157654,0.45352089405059814,0.022973133251070976,3.2364661693573,1.2755775451660156,-1.9608886241912842,1.2794567737728357e-05,0.15999779105186462,0.35091814398765564,0.002598564373329282,3.1664029620515066e-07,0.0008780332864262164,9.117088317871094,7.82120418548584,11,12,1.1744637959054671e-05,0.13160954415798187,8.44472015160136e-06,0.14583155512809753
131,4.17144775390625,0.236341655254364,0.45077669620513916,0.021906621754169464,3.2364661693573,1.2776403427124023,-1.9588258266448975,1.1129624908789992e-05,0.16089382767677307,0.3503495454788208,0.002604698296636343,3.096955083492503e-07,0.000991316745057702,9.135396003723145,7.839400768280029,11,12,1.1555166565813124e-05,0.13041990995407104,9.013907401822507e-06,0.14950379729270935
132,4.167052745819092,0.23469792306423187,0.4484495520591736,0.020946286618709564,3.2364661693573,1.2798852920532227,-1.9565808773040771,3.184648812748492e-05,0.1616772711277008,0.3499772548675537,0.0026113097555935383,3.030213235888368e-07,0.0011636714916676283,9.153373718261719,7.858776569366455,11,12,1.1341715435264632e-05,0.1295214593410492,9.607131687516812e-06,0.15569542348384857
133,4.160937309265137,0.2329512983560562,0.44572174549102783,0.020180851221084595,3.2364661693573,1.281827449798584,-1.9546387195587158,4.6438275603577495e-05,0.16228193044662476,0.3500809073448181,0.002618422033265233,2.973782784465584e-07,0.0011134798405691981,9.172663688659668,7.893749713897705,11,12,1.1136347893625498e-05,0.12895603477954865,1.0003126590163447e-05,0.15219943225383759
134,4.155303001403809,0.23122824728488922,0.4428257942199707,0.019630707800388336,3.2364661693573,1.2829656600952148,-1.953500509262085,5.53027493879199e-05,0.16264045238494873,0.3504331409931183,0.0026255452539771795,2.929520803718333e-07,0.0009482009918428957,9.19427490234375,7.934366226196289,11,12,1.0982604180753697e-05,0.12994801998138428,1.0182879123021848e-05,0.14794962108135223
135,4.150696277618408,0.22941181063652039,0.4396360516548157,0.019187580794095993,3.2364661693573,1.2837533950805664,-1.9527127742767334,6.0574791859835386e-05,0.16280245780944824,0.35087284445762634,0.002634975826367736,2.8740416269101843e-07,0.0008251291583292186,9.219827651977539,7.9784321784973145,11,12,1.090848400053801e-05,0.12944544851779938,1.0521343028813135e-05,0.1460307389497757
136,4.147686004638672,0.22742362320423126,0.4361858665943146,0.01866137981414795,3.2364661693573,1.2840089797973633,-1.9524571895599365,5.8778910897672176e-05,0.16303540766239166,0.3511466383934021,0.002644606400281191,2.8137742447142955e-07,0.0007734817336313426,9.251359939575195,8.01880168914795,11,12,1.094928211387014e-05,0.12733983993530273,1.0955758625641465e-05,0.143579363822937
137,4.144383907318115,0.22577527165412903,0.4335254430770874,0.01802510768175125,3.2364661693573,1.285019874572754,-1.951446294784546,5.0041184294968843e-05,0.1635410338640213,0.35118675231933594,0.002653703326359391,2.7537879532246734e-07,0.0008108543115667999,9.280722618103027,8.057143211364746,11,12,1.1017490578524303e-05,0.12897150218486786,1.1557572179299314e-05,0.1496250331401825
138,4.140379428863525,0.22431252896785736,0.43122023344039917,0.017404835671186447,3.2364661693573,1.2863378524780273,-1.9501283168792725,3.674134495668113e-05,0.16439375281333923,0.3510594964027405,0.00266207754611969,2.696622800613113e-07,0.0008216654532589018,9.307982444763184,8.098764419555664,11,12,1.1110641935374588e-05,0.12885096669197083,1.2274257642275188e-05,0.150727316737175
139,4.136850357055664,0.22323010861873627,0.42958343029022217,0.016876790672540665,3.2364661693573,1.2872943878173828,-1.949171781539917,2.2692664060741663e-05,0.16537126898765564,0.35093599557876587,0.00266796606592834,2.6458999968781427e-07,0.0007699010893702507,9.333683013916016,8.142656326293945,11,12,1.118793534260476e-05,0.12708121538162231,1.3014172509429045e-05,0.1453348845243454
140,4.134834289550781,0.22238388657569885,0.4283236861228943,0.01644407957792282,3.2364661693573,1.287846565246582,-1.9486196041107178,1.1633062968030572e-05,0.16627034544944763,0.3508165180683136,0.002672996837645769,2.605615918582771e-07,0.0007646619924344122,9.354724884033203,8.182340621948242,11,12,1.1257799997110851e-05,0.12700335681438446,1.364770741929533e-05,0.14441607892513275
141,4.149898052215576,0.22220493853092194,0.42835283279418945,0.016057033091783524,3.2364661693573,1.2802882194519043,-1.9561779499053955,4.620407707989216e-06,0.1669865846633911,0.35078319907188416,0.0026775698643177748,2.5727467800606973e-07,0.0007778779254294932,9.372748374938965,8.218281745910645,11,13,1.1390758118068334e-05,0.1277434527873993,1.4102918612479698e-05,0.14505375921726227
142,4.1307244300842285,0.21740297973155975,0.4190130829811096,0.01579286716878414,3.2364661693573,1.287470817565918,-1.9489953517913818,1.0350719094276428e-05,0.16774804890155792,0.35049548745155334,0.0026823326479643583,2.5341211085105897e-07,0.0007771686068736017,9.371264457702637,8.261517524719238,11,13,1.0712141374824569e-05,0.13107189536094666,1.4583103620680049e-05,0.14432333409786224
143,4.154880046844482,0.2131720334291458,0.41085320711135864,0.015490861609578133,3.2364661693573,1.2728767395019531,-1.9635894298553467,1.8176360754296184e-05,0.16795989871025085,0.3504787087440491,0.0026889329310506582,2.4863544467734755e-07,0.0006961168255656958,9.370256423950195,8.309832572937012,11,12,1.019267801893875e-05,0.13289183378219604,1.5077623174875043e-05,0.1431640237569809
144,4.123413562774658,0.21048703789710999,0.40576231479644775,0.015211747027933598,3.2364661693573,1.2872366905212402,-1.9492294788360596,1.9545055693015456e-05,0.1682690680027008,0.35053399205207825,0.0026890721637755632,2.406388261988468e-07,0.0006897638668306172,9.395425796508789,8.351926803588867,11,13,1.0296118489350192e-05,0.13200412690639496,1.5729807273601182e-05,0.14337122440338135
145,4.118984699249268,0.20880794525146484,0.4026408791542053,0.014975013211369514,3.2364661693573,1.2890019416809082,-1.9474642276763916,2.0179111743345857e-05,0.16833709180355072,0.350847065448761,0.0026885797269642353,2.327370509647153e-07,0.0007670857012271881,9.429706573486328,8.385899543762207,11,13,1.0531262887525372e-05,0.13246776163578033,1.6358380889869295e-05,0.14709435403347015
146,4.116006851196289,0.2075052112340927,0.4001520574092865,0.01485835388302803,3.2364661693573,1.289639949798584,-1.9468262195587158,1.9177939975634217e-05,0.1684175431728363,0.35141831636428833,0.002688228152692318,2.2618826278630877e-07,0.0007261421415023506,9.470520973205566,8.42276382446289,11,13,1.0801903954416048e-05,0.12938569486141205,1.6797510397736914e-05,0.14674495160579681
147,4.1131439208984375,0.2061006873846054,0.3973493278026581,0.014852046966552734,3.2364661693573,1.2898921966552734,-1.9465739727020264,2.513066283427179e-05,0.1685444414615631,0.35212814807891846,0.0026872640009969473,2.2050164716347354e-07,0.0006287930300459266,9.513299942016602,8.464397430419922,11,13,1.1117194844700862e-05,0.12837417423725128,1.71514657267835e-05,0.14148247241973877
148,4.11126708984375,0.2045810967683792,0.39433547854423523,0.014826715923845768,3.2364661693573,1.2899165153503418,-1.946549654006958,3.365773591212928e-05,0.16874799132347107,0.35275888442993164,0.0026862549129873514,2.1498821922705247e-07,0.000595764780882746,9.554118156433105,8.5089111328125,11,13,1.1458987501100637e-05,0.12877552211284637,1.7518030290375464e-05,0.14449411630630493
149,4.10931921005249,0.20321522653102875,0.3916897177696228,0.014740737155079842,3.2364661693573,1.290010929107666,-1.9464552402496338,3.966610529460013e-05,0.16905663907527924,0.35330185294151306,0.0026859354693442583,2.0943059553246712e-07,0.0005548658082261682,9.592432022094727,8.56415843963623,11,13,1.1781783541664481e-05,0.12811137735843658,1.8124432244803756e-05,0.14308086037635803
150,4.1068220138549805,0.20201753079891205,0.38946008682250977,0.01457497850060463,3.2364661693573,1.290442943572998,-1.9460232257843018,4.219147376716137e-05,0.1695130169391632,0.3537362515926361,0.002685277722775936,2.041044524503377e-07,0.0005102551658637822,9.629720687866211,8.625643730163574,11,13,1.2079827683919575e-05,0.1273215264081955,1.885245910671074e-05,0.14004260301589966
151,4.104903221130371,0.20088468492031097,0.38741010427474976,0.01435926929116249,3.2364661693573,1.2909164428710938,-1.945549726486206,4.704439197666943e-05,0.1700868308544159,0.35404908657073975,0.002684938022866845,1.9947749763105094e-07,0.0005251973634585738,9.662264823913574,8.68216609954834,11,13,1.237582000612747e-05,0.12668731808662415,1.96079708985053e-05,0.14269690215587616
152,4.102721214294434,0.19967220723628998,0.3851928114891052,0.014151612296700478,3.2364661693573,1.2913250923156738,-1.945141077041626,4.191361949779093e-05,0.17071175575256348,0.35437530279159546,0.002684669801965356,1.9579802312819083e-07,0.0005098324036225677,9.68984603881836,8.734626770019531,11,13,1.2675036487053148e-05,0.12748092412948608,2.0246332496753894e-05,0.14219392836093903
153,4.100433826446533,0.19844669103622437,0.38289815187454224,0.013995223678648472,3.2364661693573,1.2915377616882324,-1.9449284076690674,2.729691914282739e-05,0.171325221657753,0.35472553968429565,0.0026841461658477783,1.9308691889818874e-07,0.0004469786654226482,9.715496063232422,8.780436515808105,11,13,1.3003857930016238e-05,0.12794215977191925,2.0664903786382638e-05,0.140150785446167
154,4.098693370819092,0.19736480712890625,0.3808431029319763,0.013886509463191032,3.2364661693573,1.2917280197143555,-1.9447381496429443,2.0377134205773473e-05,0.17172464728355408,0.35508787631988525,0.0026843345258384943,1.9103214299320825e-07,0.00041915872134268284,9.741889953613281,8.815610885620117,11,14,1.3336237316252664e-05,0.12781094014644623,2.0919724192935973e-05,0.14081265032291412
155,4.096949100494385,0.19640514254570007,0.37898901104927063,0.013821277767419815,3.2364661693573,1.292006492614746,-1.9444596767425537,1.7092854250222445e-05,0.17196395993232727,0.35538268089294434,0.002685035578906536,1.894170367222614e-07,0.0003961010661441833,9.769103050231934,8.843502044677734,12,14,1.3652062079927418e-05,0.1269621104001999,2.1042647858848795e-05,0.1405012011528015
156,4.095091819763184,0.1956632286310196,0.3775409758090973,0.013785474933683872,3.2364661693573,1.2924184799194336,-1.9440476894378662,1.3603625120595098e-05,0.17202678322792053,0.3556537628173828,0.002686219522729516,1.8804672663463862e-07,0.00036669234395958483,9.794278144836426,8.869507789611816,12,14,1.3921501704317052e-05,0.12599709630012512,2.1143943740753457e-05,0.13928374648094177
157,4.093574523925781,0.19504785537719727,0.37630942463874817,0.013786273077130318,3.2364661693573,1.2928590774536133,-1.9436070919036865,1.1031923349946737e-05,0.17207607626914978,0.3558170199394226,0.0026874772738665342,1.870963046712859e-07,0.0003646009718067944,9.815906524658203,8.890625,12,14,1.4170265785651281e-05,0.1275223195552826,2.1152551198611036e-05,0.13844166696071625
158,4.092383861541748,0.1944516897201538,0.3751305341720581,0.013772832229733467,3.2364661693573,1.293135166168213,-1.943331003189087,3.3690594136714935e-06,0.17221277952194214,0.35601484775543213,0.002686799969524145,1.8584526628728781e-07,0.0003607076941989362,9.83655071258545,8.920991897583008,12,14,1.4406351510842796e-05,0.12751491367816925,2.130921529897023e-05,0.14056694507598877
159,4.090564250946045,0.19389282166957855,0.3740561306476593,0.013729504309594631,3.2364661693573,1.2935948371887207,-1.942871332168579,0.0,0.17254163324832916,0.35619229078292847,0.002686249790713191,1.8446479543854366e-07,0.00032655990798957646,9.85603141784668,8.957403182983398,12,14,1.4658964573754929e-05,0.12622982263565063,2.1582543922704645e-05,0.13948547840118408
160,4.0890727043151855,0.19318132102489471,0.37270382046699524,0.013658812269568443,3.2364661693573,1.2937936782836914,-1.9426724910736084,0.0,0.17303787171840668,0.356264591217041,0.0026854670140892267,1.8298563020380243e-07,0.0002881957625504583,9.874560356140137,8.99572467803955,12,14,1.4947755516914185e-05,0.12534910440444946,2.1846091840416193e-05,0.13626742362976074
161,4.087648391723633,0.19256174564361572,0.37156736850738525,0.013556130230426788,3.2364661693573,1.2940983772277832,-1.9423677921295166,0.0,0.17357653379440308,0.35622352361679077,0.0026853785384446383,1.818098951389402e-07,0.00026877658092416823,9.887369155883789,9.035602569580078,12,14,1.524684194009751e-05,0.12598389387130737,2.2388179786503315e-05,0.13651983439922333
162,4.086381435394287,0.19208289682865143,0.37071770429611206,0.013448081910610199,3.2364661693573,1.2944002151489258,-1.942065954208374,0.0,0.17402571439743042,0.3561967611312866,0.0026843950618058443,1.8049999539471173e-07,0.0002503678551875055,9.897968292236328,9.08033561706543,13,13,1.55149245983921e-05,0.12641948461532593,2.2845029889140278e-05,0.13652531802654266
163,4.085320472717285,0.19176065921783447,0.37016719579696655,0.013354120776057243,3.2364661693573,1.2946619987487793,-1.9418041706085205,0.0,0.1744537502527237,0.35609209537506104,0.0026839894708245993,1.795506676671721e-07,0.00022905701189301908,9.907464981079102,9.119905471801758,13,13,1.5683399396948516e-05,0.12658801674842834,2.319567465747241e-05,0.13620731234550476
164,4.084399700164795,0.19154737889766693,0.36977821588516235,0.01331653818488121,3.2364661693573,1.2949151992797852,-1.9415509700775146,0.0,0.17482268810272217,0.35596901178359985,0.002683136146515608,1.790717760741245e-07,0.00020929447782691568,9.91806411743164,9.153131484985352,13,13,1.5624937077518553e-05,0.1265064924955368,2.331115865672473e-05,0.1355735957622528
165,4.083524703979492,0.19141362607479095,0.3695122003555298,0.013315048068761826,3.2364661693573,1.2951960563659668,-1.941270112991333,0.0,0.17512667179107666,0.355848103761673,0.0026825752574950457,1.7908743643602065e-07,0.00019157203496433794,9.929158210754395,9.17818546295166,13,13,1.5547502698609605e-05,0.12612570822238922,2.327058246009983e-05,0.1350489854812622
166,4.08282470703125,0.19155751168727875,0.36979150772094727,0.013323506340384483,3.2364661693573,1.295473575592041,-1.9409925937652588,0.0,0.17540434002876282,0.3557177186012268,0.002682076534256339,1.794633703866566e-07,0.00016294811211992055,9.93725299835205,9.202079772949219,13,13,1.5452305888175033e-05,0.1256585419178009,2.3121647245716304e-05,0.1340702921152115
167,4.082314968109131,0.1916794329881668,0.3700411915779114,0.01331768836826086,3.2364661693573,1.2956652641296387,-1.9408009052276611,0.0,0.17566321790218353,0.3555943965911865,0.0026819610502570868,1.79905896402488e-07,0.0001383334310958162,9.944068908691406,9.225090026855469,13,14,1.5368055755971e-05,0.12510624527931213,2.298040817549918e-05,0.13293620944023132
168,4.081834316253662,0.19179067015647888,0.37028318643569946,0.013298152014613152,3.2364661693573,1.295884609222412,-1.9405815601348877,0.0,0.17596691846847534,0.3554147481918335,0.00268149864859879,1.8035350990430743e-07,0.00012340371904429048,9.948354721069336,9.247864723205566,13,14,1.532112219138071e-05,0.12517324090003967,2.290754309797194e-05,0.13275213539600372
169,4.081216335296631,0.19189129769802094,0.3705328106880188,0.013249794021248817,3.2364661693573,1.2961783409118652,-1.9402878284454346,0.0,0.17638784646987915,0.3551306128501892,0.00268115708604455,1.8068325857711898e-07,0.00011086495942436159,9.951193809509277,9.27108383178711,13,14,1.524951403553132e-05,0.1251966953277588,2.28982898988761e-05,0.13230422139167786
170,4.080544948577881,0.19199155271053314,0.3708026707172394,0.013180434703826904,3.2364661693573,1.2965149879455566,-1.9399511814117432,0.0,0.1768680363893509,0.3547540009021759,0.0026805964298546314,1.8093469122959505e-07,0.00010185460996581241,9.95198917388916,9.294264793395996,13,14,1.5153327694861218e-05,0.12568442523479462,2.2975696992943995e-05,0.132011279463768
171,4.079909324645996,0.1921658217906952,0.3712195158004761,0.013112117536365986,3.2364661693573,1.2969045639038086,-1.9395616054534912,0.0,0.17735835909843445,0.3543268144130707,0.0026801323983818293,1.8109997768078756e-07,9.957279689842835e-05,9.951848983764648,9.314913749694824,13,14,1.5025429092929699e-05,0.1261899173259735,2.3143069483921863e-05,0.13260245323181152
172,4.0795207023620605,0.19238273799419403,0.37171316146850586,0.013052315451204777,3.2364661693573,1.297208309173584,-1.9392578601837158,0.0,0.17784662544727325,0.3539204001426697,0.002678647870197892,1.8110904420609586e-07,0.00010062528599519283,9.952178955078125,9.336294174194336,13,14,1.4856279449304566e-05,0.12607449293136597,2.3416641852236353e-05,0.13322068750858307
173,4.078932762145996,0.19265824556350708,0.372306227684021,0.013010269962251186,3.2364661693573,1.2976102828979492,-1.9388558864593506,0.0,0.17823690176010132,0.3536017835140228,0.002678325166925788,1.8080126551467401e-07,9.533300180919468e-05,9.952930450439453,9.360559463500977,13,14,1.4699164239573292e-05,0.12601029872894287,2.3741185941617005e-05,0.13382090628147125
174,4.0785112380981445,0.19301462173461914,0.37304359674453735,0.01298564113676548,3.2364661693573,1.2979779243469238,-1.938488245010376,0.0,0.17840315401554108,0.35336834192276,0.002679146360605955,1.8065725271299016e-07,9.150512050837278e-05,9.952118873596191,9.382180213928223,13,14,1.4528067367791664e-05,0.12626920640468597,2.405933446425479e-05,0.13361451029777527
175,4.078197956085205,0.19345220923423767,0.37392714619636536,0.012977262027561665,3.2364661693573,1.2983498573303223,-1.9381163120269775,0.0,0.17842461168766022,0.3531172275543213,0.002680568490177393,1.808890175425404e-07,9.125305950874463e-05,9.948039054870605,9.396767616271973,13,14,1.432393128197873e-05,0.12608182430267334,2.428057268843986e-05,0.13281191885471344
176,4.0781168937683105,0.19394414126873016,0.3749142289161682,0.01297406293451786,3.2364661693573,1.298640251159668,-1.9378259181976318,0.0,0.17837469279766083,0.35282108187675476,0.0026826655957847834,1.8143633440104168e-07,9.262922685593367e-05,9.940430641174316,9.406255722045898,13,13,1.408490879839519e-05,0.1255093216896057,2.4429311451967806e-05,0.1321755051612854
177,4.07762336730957,0.19441579282283783,0.3758504390716553,0.012981140986084938,3.2364661693573,1.299126148223877,-1.9373400211334229,0.0,0.17833730578422546,0.35246196389198303,0.002686531748622656,1.823290887159601e-07,9.394755034008995e-05,9.928131103515625,9.41160774230957,13,13,1.3773668797512073e-05,0.12484432011842728,2.45618139160797e-05,0.13236607611179352
178,4.0774617195129395,0.19496408104896545,0.37698715925216675,0.012941013090312481,3.2364661693573,1.2995080947875977,-1.9369580745697021,0.0,0.178425595164299,0.3519756495952606,0.00269032409414649,1.8329255624394136e-07,0.00010022274364018813,9.909646987915039,9.414141654968262,12,13,1.344824704574421e-05,0.12487679719924927,2.4679733542143367e-05,0.13290166854858398
179,4.077225685119629,0.1955210566520691,0.37816938757896423,0.012872740626335144,3.2364661693573,1.2998943328857422,-1.9365718364715576,0.0,0.17855124175548553,0.3514462113380432,0.0026942798867821693,1.8426696613005333e-07,9.914506517816335e-05,9.884263038635254,9.419478416442871,12,13,1.3138319445715751e-05,0.12509296834468842,2.4872155336197466e-05,0.13336127996444702
180,4.077023029327393,0.19613897800445557,0.3794911503791809,0.012786800973117352,3.2364661693573,1.3002514839172363,-1.9362146854400635,0.0,0.17871564626693726,0.350838840007782,0.0026997029781341553,1.8533374657181412e-07,8.963506115833297e-05,9.850658416748047,9.425079345703125,12,13,1.2837088434025645e-05,0.12523706257343292,2.513293657102622e-05,0.13234184682369232
181,4.07704496383667,0.19685514271259308,0.3810042142868042,0.012706078588962555,3.2364661693573,1.300605297088623,-1.9358608722686768,0.0,0.17893913388252258,0.3500671684741974,0.0027053700760006905,1.8668225720830378e-07,9.235998732037842e-05,9.80753231048584,9.425869941711426,12,13,1.2522881661425345e-05,0.1298631727695465,2.5425051717320457e-05,0.13122063875198364
182,4.07595157623291,0.19669018685817719,0.38073351979255676,0.012646861374378204,3.2364661693573,1.300976276397705,-1.9354898929595947,0.0,0.17932486534118652,0.34933823347091675,0.002704175189137459,1.8648752586614137e-07,7.524238753831014e-05,9.798356056213379,9.418142318725586,12,13,1.2430146853148472e-05,0.12693969905376434,2.5692488634376787e-05,0.13176076114177704
183,4.074771881103516,0.19632279872894287,0.3800389766693115,0.012606620788574219,3.2364661693573,1.3013548851013184,-1.9351112842559814,0.0,0.17974607646465302,0.3486044406890869,0.002702964236959815,1.85905832950084e-07,7.112487219274044e-05,9.793771743774414,9.40540599822998,12,13,1.2341441106400453e-05,0.12714144587516785,2.5960098355426453e-05,0.13220828771591187
184,4.074145793914795,0.1961592733860016,0.3797485828399658,0.012569976039230824,3.2364661693573,1.3017277717590332,-1.9347383975982666,0.0,0.18000395596027374,0.347911536693573,0.00270258286036551,1.856549260992324e-07,0.00010089634452015162,9.784708976745605,9.386646270751953,12,13,1.2234467249072623e-05,0.12761320173740387,2.6170784622081555e-05,0.13299570977687836
185,4.073283672332764,0.19589883089065552,0.37928375601768494,0.012513916939496994,3.2364661693573,1.3021316528320312,-1.9343345165252686,0.0,0.18001040816307068,0.3473978042602539,0.002704181242734194,1.855387381510809e-07,0.00012250864529050887,9.774717330932617,9.368355751037598,12,14,1.2143472304160241e-05,0.12719088792800903,2.6276700737071224e-05,0.13427601754665375
186,4.07218599319458,0.19547609984874725,0.37849295139312744,0.012459244579076767,3.2364661693573,1.3025527000427246,-1.9339134693145752,1.6257690731436014e-06,0.17989642918109894,0.34702056646347046,0.002707944018766284,1.8514796806812228e-07,0.00013974412286188453,9.764960289001465,9.355155944824219,12,14,1.2035931831633206e-05,0.12626636028289795,2.631403003761079e-05,0.13339278101921082
187,4.071593761444092,0.195236936211586,0.3780757188796997,0.012398140504956245,3.2364661693573,1.3029332160949707,-1.933532953262329,5.454348865896463e-07,0.17985334992408752,0.34658434987068176,0.0027117161080241203,1.8486514363758033e-07,0.00018145752255804837,9.751945495605469,9.343914031982422,12,14,1.1906794497917872e-05,0.1266637146472931,2.6365003577666357e-05,0.1350073665380478
188,4.071122646331787,0.1952136904001236,0.3781221807003021,0.012305209413170815,3.2364661693573,1.303269863128662,-1.9331963062286377,0.0,0.18004289269447327,0.3460395336151123,0.0027156926225870848,1.8455287431606848e-07,0.00020504166604951024,9.736393928527832,9.340653419494629,12,14,1.1749564691854175e-05,0.12694819271564484,2.6551304472377524e-05,0.13568390905857086
189,4.070366859436035,0.1950480043888092,0.3779229521751404,0.012173064053058624,3.2364661693573,1.3035469055175781,-1.9329192638397217,0.0,0.1805608868598938,0.3454447388648987,0.002718084491789341,1.8365844312029367e-07,0.00020261695317458361,9.728878021240234,9.347131729125977,12,14,1.1638586329354439e-05,0.12746930122375488,2.691430381673854e-05,0.1352034956216812
190,4.069504737854004,0.19456271827220917,0.37710118293762207,0.012024245224893093,3.2364661693573,1.3037104606628418,-1.932755708694458,0.0,0.18128110468387604,0.3448927402496338,0.0027184688951820135,1.8212247709925578e-07,0.00019869381503667682,9.730706214904785,9.360844612121582,12,14,1.1606134648900479e-05,0.1251855492591858,2.7410356779000722e-05,0.13483838737010956
191,4.068414211273193,0.1940748542547226,0.37626925110816956,0.01188045646995306,3.2364661693573,1.3039731979370117,-1.932492971420288,0.0,0.18198956549167633,0.34437257051467896,0.0027192188426852226,1.8081840380546055e-07,0.0001920296053867787,9.725813865661621,9.379563331604004,12,15,1.1551509487617295e-05,0.1262490600347519,2.7510704967426136e-05,0.134462371468544
192,4.0676751136779785,0.1938668191432953,0.37598294019699097,0.011750690639019012,3.2364661693573,1.304187297821045,-1.9322788715362549,0.0,0.18256741762161255,0.3439562916755676,0.0027203354984521866,1.7967704479815438e-07,0.00018252785957884043,9.718624114990234,9.400886535644531,12,15,1.152123513747938e-05,0.12522079050540924,2.760608731477987e-05,0.13396579027175903
193,4.06714391708374,0.19374971091747284,0.37584614753723145,0.01165328361093998,3.2364661693573,1.3043794631958008,-1.932086706161499,0.0,0.18299956619739532,0.34356752038002014,0.0027220663614571095,1.7887305148178712e-07,0.00018027462647296488,9.707700729370117,9.421854972839355,12,15,1.1482738045742735e-05,0.12482444196939468,2.7631072953226976e-05,0.13389548659324646
194,4.066669464111328,0.19373565912246704,0.37588074803352356,0.011590555310249329,3.2364661693573,1.3045763969421387,-1.9318897724151611,0.0,0.18333148956298828,0.34318238496780396,0.0027240801136940718,1.7829880505360052e-07,0.00017438302165828645,9.693520545959473,9.442415237426758,12,15,1.1418766916904133e-05,0.1265614926815033,2.7729842258850113e-05,0.13432596623897552
195,4.066004276275635,0.19359052181243896,0.3756248950958252,0.011556162498891354,3.2364661693573,1.3047738075256348,-1.931692361831665,0.0,0.18376633524894714,0.3427373766899109,0.002725140890106559,1.7764287463251094e-07,0.0001627549936529249,9.68408203125,9.460797309875488,12,15,1.1359388736309484e-05,0.12684266269207,2.7864127332577482e-05,0.1346054971218109
196,4.065369129180908,0.19329629838466644,0.375055193901062,0.011537391692399979,3.2364661693573,1.3048930168151855,-1.9315731525421143,0.0,0.1842871904373169,0.34230947494506836,0.0027251390274614096,1.7678163999335084e-07,0.00015335915668401867,9.680235862731934,9.477604866027832,12,15,1.1330179404467344e-05,0.12570519745349884,2.8065625883755274e-05,0.13442784547805786
197,4.064331531524658,0.1927620768547058,0.37402865290641785,0.011495500802993774,3.2364661693573,1.3051214218139648,-1.931344747543335,0.0,0.18469756841659546,0.34198302030563354,0.002727709012106061,1.760139411999262e-07,0.00014929224562365562,9.672403335571289,9.49392032623291,12,15,1.1304664440103807e-05,0.12565457820892334,2.872077311621979e-05,0.13410401344299316
198,4.063547611236572,0.19238941371440887,0.3733322024345398,0.011446612887084484,3.2364661693573,1.305312156677246,-1.9311540126800537,0.0,0.18500789999961853,0.34174588322639465,0.0027308098506182432,1.7534399887608743e-07,0.00014670132077299058,9.661101341247559,9.511539459228516,12,15,1.1277798876108136e-05,0.1255488395690918,2.9419510610750876e-05,0.13319244980812073
199,4.062924861907959,0.192128986120224,0.3728633522987366,0.011394618079066277,3.2364661693573,1.3055219650268555,-1.9309442043304443,0.0,0.18526293337345123,0.3415125012397766,0.002733951900154352,1.7469034219175228e-07,0.000152826847624965,9.647711753845215,9.528672218322754,12,15,1.1248283954046201e-05,0.12681058049201965,3.0139864975353703e-05,0.13376924395561218
200,4.062171459197998,0.19177109003067017,0.37219956517219543,0.011342603713274002,3.2364661693573,1.3057456016540527,-1.930720567703247,0.0,0.18551306426525116,0.3412725329399109,0.002735982183367014,1.737982699978602e-07,0.00015846607857383788,9.639988899230957,9.545220375061035,12,16,1.1251162504777312e-05,0.12630456686019897,3.084528725594282e-05,0.1337311565876007
201,4.061429500579834,0.19143374264240265,0.3715606927871704,0.011306781321763992,3.2364661693573,1.3059873580932617,-1.930478811264038,0.0,0.18577858805656433,0.34094658493995667,0.002738189185038209,1.7310065913989092e-07,0.00016700026753824204,9.633855819702148,9.556619644165039,12,16,1.1259679922659416e-05,0.12684349715709686,3.1438597943633795e-05,0.1336836814880371
202,4.060967445373535,0.19134527444839478,0.37142014503479004,0.01127040944993496,3.2364661693573,1.3062176704406738,-1.930248498916626,0.0,0.18606047332286835,0.34058791399002075,0.0027406897861510515,1.726574510030332e-07,0.00017631208174861968,9.623819351196289,9.568546295166016,12,15,1.1251244359300472e-05,0.1262698918581009,3.200149512849748e-05,0.1346742957830429
203,4.060858726501465,0.19162966310977936,0.37205448746681213,0.01120484434068203,3.2364661693573,1.3064284324645996,-1.9300377368927002,0.0,0.18642356991767883,0.34023165702819824,0.0027424891013652086,1.7221518078258669e-07,0.0001798600860638544,9.610275268554688,9.586226463317871,12,15,1.123590027418686e-05,0.12647311389446259,3.276728239143267e-05,0.13426443934440613
204,4.060480117797852,0.19166363775730133,0.3721931576728821,0.011134128086268902,3.2364661693573,1.3066291809082031,-1.9298369884490967,6.864138413220644e-07,0.18676671385765076,0.3399900794029236,0.0027427796740084887,1.7161232790385839e-07,0.00017918511002790183,9.599807739257812,9.609768867492676,12,15,1.1244553206779528e-05,0.12676125764846802,3.364007716299966e-05,0.13479438424110413
205,4.0599141120910645,0.1914791613817215,0.37190043926239014,0.011057889088988304,3.2364661693573,1.3067936897277832,-1.9296724796295166,0.0,0.187076598405838,0.3398681879043579,0.002742184093222022,1.7087802461901447e-07,0.00017425738042220473,9.593005180358887,9.638653755187988,12,15,1.1262425687164068e-05,0.12697364389896393,3.444866160862148e-05,0.13435330986976624
206,4.059120178222656,0.19115573167800903,0.37133151292800903,0.010979965329170227,3.2364661693573,1.3069944381713867,-1.929471731185913,0.0,0.18734562397003174,0.339799702167511,0.0027419908437877893,1.7016584763496212e-07,0.00016748314374126494,9.587268829345703,9.670083999633789,12,15,1.1281185834377538e-05,0.12615878880023956,3.5149721952620894e-05,0.13359412550926208
207,4.058396339416504,0.19085034728050232,0.37079235911369324,0.010908342897891998,3.2364661693573,1.3071751594543457,-1.929291009902954,0.0,0.18761374056339264,0.33973491191864014,0.002741508651524782,1.6940730063197407e-07,0.00016187153232749552,9.583651542663574,9.702741622924805,12,15,1.1307080058031715e-05,0.12586873769760132,3.5699878935702145e-05,0.13326172530651093
208,4.0578789710998535,0.19066458940505981,0.37046802043914795,0.010861160233616829,3.2364661693573,1.307340145111084,-1.9291260242462158,0.0,0.18786491453647614,0.3396337330341339,0.0027407684829086065,1.6869589103407634e-07,0.00016194794443435967,9.579767227172852,9.732686996459961,12,16,1.1333643669786397e-05,0.1264205425977707,3.6189780075801536e-05,0.13377951085567474
209,4.057435989379883,0.1906290054321289,0.37043893337249756,0.010819083079695702,3.2364661693573,1.307546615600586,-1.9289195537567139,0.0,0.18822063505649567,0.33944571018218994,0.002740162191912532,1.681221561966595e-07,0.00016292641521431506,9.57421875,9.762639045715332,12,17,1.1345006896590348e-05,0.12648387253284454,3.6640743928728625e-05,0.13483671844005585
210,4.056994915008545,0.19065262377262115,0.37052011489868164,0.010785125195980072,3.2364661693573,1.3077669143676758,-1.928699254989624,2.3641041480004787e-07,0.18857307732105255,0.33927121758461,0.0027402788400650024,1.6777752875896113e-07,0.00016082801448646933,9.568605422973633,9.790946960449219,12,17,1.1366831131454092e-05,0.1261865496635437,3.694577026180923e-05,0.1344577819108963
211,4.056599140167236,0.1906554102897644,0.3705686628818512,0.010742168873548508,3.2364661693573,1.3079395294189453,-1.9285266399383545,0.0,0.18892338871955872,0.33919182419776917,0.002740629715844989,1.6732900576243992e-07,0.00015563945635221899,9.564557075500488,9.825084686279297,12,17,1.1402224117773585e-05,0.12604115903377533,3.735659265657887e-05,0.13348878920078278
212,4.05631685256958,0.19076168537139893,0.3708307445049286,0.010692611336708069,3.2364661693573,1.3081016540527344,-1.9283645153045654,0.0,0.18924552202224731,0.3391565978527069,0.002741042524576187,1.6676102632118273e-07,0.0001493316813139245,9.561880111694336,9.86125373840332,12,17,1.1426143828430213e-05,0.12588301301002502,3.784560976782814e-05,0.13329701125621796
213,4.056197643280029,0.19090020656585693,0.3711473345756531,0.010653079487383366,3.2364661693573,1.3082008361816406,-1.9282653331756592,2.4735345505177975e-06,0.1894790530204773,0.3391532599925995,0.0027417666278779507,1.6631551602586114e-07,0.00014314356667455286,9.556635856628418,9.900378227233887,12,17,1.141314351116307e-05,0.12579306960105896,3.8316964491968974e-05,0.132835254073143
214,4.055832862854004,0.19097310304641724,0.37131208181381226,0.010634110309183598,3.2364661693573,1.3084297180175781,-1.9280364513397217,4.202214768156409e-06,0.18975436687469482,0.3388441801071167,0.0027420008555054665,1.6608711916887842e-07,0.00014556583482772112,9.550836563110352,9.902826309204102,12,17,1.1422331226640381e-05,0.12607721984386444,3.836892210529186e-05,0.13273900747299194
215,4.055347442626953,0.19087928533554077,0.37113040685653687,0.010628148913383484,3.2364661693573,1.308629035949707,-1.9278371334075928,2.7005153242498636e-06,0.1899789273738861,0.33862996101379395,0.002742054872214794,1.656210173450745e-07,0.00014684702910017222,9.546160697937012,9.91064453125,12,17,1.1453432307462208e-05,0.12621021270751953,3.8563990528928116e-05,0.1329544484615326
216,4.054803371429443,0.19069521129131317,0.37077581882476807,0.010614590719342232,3.2364661693573,1.3087940216064453,-1.9276721477508545,0.0,0.19021669030189514,0.33851370215415955,0.0027412036433815956,1.648972016710104e-07,0.00014439228107221425,9.54385757446289,9.927063941955566,12,17,1.1520980478962883e-05,0.12605972588062286,3.885086334776133e-05,0.1327991634607315
217,4.054291248321533,0.19052928686141968,0.3704681992530823,0.010590371675789356,3.2364661693573,1.308945655822754,-1.927520513534546,0.0,0.1905238926410675,0.3384230136871338,0.0027397151570767164,1.6406779934641236e-07,0.00014034108608029783,9.5422945022583,9.950491905212402,12,17,1.160407828137977e-05,0.12616580724716187,3.9277820178540424e-05,0.13306018710136414
218,4.053881645202637,0.19043584167957306,0.3703244924545288,0.01054717693477869,3.2364661693573,1.3090686798095703,-1.9273974895477295,0.0,0.19093766808509827,0.33831462264060974,0.0027380669489502907,1.6320439044648083e-07,0.0001335533888777718,9.53985595703125,9.98158073425293,12,17,1.1685073332046159e-05,0.12575595080852509,3.990007098764181e-05,0.1332455575466156
219,4.053464412689209,0.1904079169034958,0.37032654881477356,0.010489292442798615,3.2364661693573,1.3092284202575684,-1.9272377490997314,0.0,0.19138820469379425,0.3381999135017395,0.0027372119948267937,1.6242431399859925e-07,0.0001268260966753587,9.536272048950195,10.017059326171875,12,18,1.176584919448942e-05,0.12578731775283813,4.061438448843546e-05,0.13276919722557068
220,4.053181171417236,0.19039122760295868,0.3703535795211792,0.010428862646222115,3.2364661693573,1.309326171875,-1.9271399974822998,0.0,0.19185996055603027,0.33806174993515015,0.002736046677455306,1.6165195404482802e-07,0.00012001636059721932,9.532157897949219,10.054177284240723,12,18,1.1844452274090145e-05,0.12579333782196045,4.145270577282645e-05,0.13214395940303802
221,4.052978038787842,0.19058620929718018,0.37078341841697693,0.010388994589447975,3.2364661693573,1.309493064880371,-1.9269731044769287,0.0,0.19240079820156097,0.3379060626029968,0.002734965179115534,1.60725647901927e-07,0.00011389693099772558,9.531234741210938,10.088193893432617,12,18,1.194059950648807e-05,0.12565286457538605,4.234243169776164e-05,0.13267256319522858
222,4.052857398986816,0.190728560090065,0.3710918724536896,0.0103652598336339,3.2364661693573,1.3095965385437012,-1.9268696308135986,0.0,0.19284501671791077,0.3377741277217865,0.002734984504058957,1.6018050530419714e-07,0.00010855549771804363,9.525455474853516,10.12098503112793,12,18,1.1996307875961065e-05,0.12593059241771698,4.306073606130667e-05,0.13275547325611115
223,4.0526814460754395,0.19079534709453583,0.3712325096130371,0.010358177125453949,3.2364661693573,1.3097004890441895,-1.9267656803131104,0.0,0.19314764440059662,0.3377259373664856,0.0027350285090506077,1.5966521971222392e-07,0.00010520223440835252,9.5195894241333,10.154329299926758,12,18,1.203824740514392e-05,0.12669596076011658,4.374037598608993e-05,0.1323310136795044
224,4.052347183227539,0.1907799243927002,0.3711990714073181,0.01036076806485653,3.2364661693573,1.3098430633544922,-1.9266231060028076,0.0,0.1933252215385437,0.33773839473724365,0.0027344594709575176,1.5895403748800163e-07,0.00010174617636948824,9.516956329345703,10.186383247375488,12,18,1.2095881174900569e-05,0.1258879452943802,4.432203422766179e-05,0.13187052309513092
225,4.051939010620117,0.19071024656295776,0.3710593581199646,0.010361144319176674,3.2364661693573,1.3100171089172363,-1.9264490604400635,0.0,0.19344866275787354,0.3377079963684082,0.002734231064096093,1.582610309469601e-07,0.00010281564755132422,9.512714385986328,10.21432876586914,12,18,1.2142127161496319e-05,0.12561294436454773,4.480895586311817e-05,0.1319194734096527
226,4.051487445831299,0.190610870718956,0.3708610534667969,0.010360700078308582,3.2364661693573,1.3102116584777832,-1.9262545108795166,0.0,0.19351759552955627,0.33772093057632446,0.0027344494592398405,1.577576540512382e-07,0.0001064791576936841,9.505833625793457,10.245670318603516,12,18,1.2153743227827363e-05,0.12616029381752014,4.538843495538458e-05,0.13220156729221344
227,4.051114559173584,0.19054940342903137,0.3707500100135803,0.010348794981837273,3.2364661693573,1.310377597808838,-1.926088571548462,0.0,0.193606436252594,0.3378186821937561,0.0027341777458786964,1.571665819710688e-07,0.0001083501338143833,9.50106143951416,10.285738945007324,12,18,1.2173685718153138e-05,0.12679749727249146,4.598624582285993e-05,0.13227149844169617
228,4.050723075866699,0.19049590826034546,0.3706597685813904,0.010332047939300537,3.2364661693573,1.3105449676513672,-1.9259212017059326,0.0,0.19378840923309326,0.33788633346557617,0.0027339912485331297,1.5652710771973943e-07,0.00010785819176817313,9.498477935791016,10.32268238067627,12,17,1.2201853678561747e-05,0.12654992938041687,4.6492739784298465e-05,0.13214294612407684
229,4.05037784576416,0.1905067265033722,0.37069636583328247,0.01031709648668766,3.2364661693573,1.310715675354004,-1.925750494003296,0.0,0.1940474510192871,0.33789288997650146,0.0027344406116753817,1.5598044456055504e-07,0.00010640157415764406,9.494338989257812,10.35666275024414,12,17,1.221211005031364e-05,0.1258489340543747,4.681360587710515e-05,0.131933331489563
230,4.04996919631958,0.19042998552322388,0.37055692076683044,0.010303054936230183,3.2364661693573,1.310873031616211,-1.9255931377410889,0.0,0.19429901242256165,0.3379344642162323,0.0027347428258508444,1.5540253173185192e-07,0.00010457490134285763,9.491229057312012,10.394545555114746,12,17,1.2223540579725523e-05,0.12637017667293549,4.710262146545574e-05,0.1317645162343979
231,4.049540996551514,0.19032976031303406,0.37037041783332825,0.010289093479514122,3.2364661693573,1.3110198974609375,-1.9254462718963623,0.0,0.19445422291755676,0.33810150623321533,0.002734109293669462,1.5476135217795672e-07,0.0001008704275591299,9.490342140197754,10.440678596496582,12,17,1.225355390488403e-05,0.12609852850437164,4.758339127874933e-05,0.13158968091011047
232,4.049163341522217,0.1902925819158554,0.3703208863735199,0.01026427187025547,3.2364661693573,1.3111662864685059,-1.925299882888794,0.0,0.19463852047920227,0.338195264339447,0.0027332196477800608,1.541414746952796e-07,9.59355165832676e-05,9.489287376403809,10.479535102844238,12,17,1.2277311725483742e-05,0.1258070021867752,4.793250627699308e-05,0.13160130381584167
233,4.048882484436035,0.19031871855258942,0.37040743231773376,0.010229994542896748,3.2364661693573,1.3112993240356445,-1.9251668453216553,0.0,0.1947353184223175,0.3384408950805664,0.0027324233669787645,1.535845086664267e-07,9.135262371273711e-05,9.486396789550781,10.534549713134766,12,17,1.2309289559198078e-05,0.12581321597099304,4.8537523980485275e-05,0.1315428465604782
234,4.048622131347656,0.1903204470872879,0.3704182505607605,0.01022263802587986,3.2364661693573,1.3114094734191895,-1.9250566959381104,0.0,0.194830060005188,0.3386726677417755,0.002732993336394429,1.5323163893299352e-07,8.669137605465949e-05,9.483057022094727,10.58742618560791,12,17,1.2339758541202173e-05,0.126384899020195,4.882438952336088e-05,0.13135068118572235
235,4.048400402069092,0.1903872787952423,0.3705669641494751,0.01020759716629982,3.2364661693573,1.3115286827087402,-1.9249374866485596,0.0,0.19495686888694763,0.3388930559158325,0.0027336478233337402,1.5287335486391385e-07,8.121121936710551e-05,9.481589317321777,10.6393404006958,12,18,1.238916865986539e-05,0.12644019722938538,4.897559483652003e-05,0.13115765154361725
236,4.048118591308594,0.19046874344348907,0.37073928117752075,0.01019821222871542,3.2364661693573,1.3116893768310547,-1.9247767925262451,0.0,0.19515126943588257,0.338991641998291,0.002733852481469512,1.5253274909809988e-07,7.683355215704069e-05,9.480120658874512,10.679491996765137,12,18,1.255785537068732e-05,0.12592315673828125,4.9176720494870096e-05,0.13119997084140778
237,4.047760963439941,0.1905183643102646,0.3708420395851135,0.01019470114260912,3.2364661693573,1.3118653297424316,-1.9246008396148682,0.0,0.19522902369499207,0.33928388357162476,0.002733906265348196,1.522021335631507e-07,7.064903911668807e-05,9.479266166687012,10.732141494750977,12,18,1.2702611456916202e-05,0.12619321048259735,4.933650416205637e-05,0.13054871559143066
238,4.047571182250977,0.19062578678131104,0.37105491757392883,0.010196657851338387,3.2364661693573,1.312002182006836,-1.9244639873504639,0.0,0.1951475739479065,0.339694082736969,0.002733793808147311,1.5177471368588158e-07,6.754391506547108e-05,9.479840278625488,10.789144515991211,12,17,1.2843709555454552e-05,0.1261184960603714,4.955847907694988e-05,0.13088321685791016
239,4.047375679016113,0.1907632201910019,0.3713266849517822,0.01019975170493126,3.2364661693573,1.3121490478515625,-1.9243171215057373,0.0,0.19505655765533447,0.34004878997802734,0.0027331432793289423,1.5132141584217607e-07,6.294872582657263e-05,9.481338500976562,10.844755172729492,12,17,1.2974767741980031e-05,0.12577801942825317,4.964163599652238e-05,0.13032004237174988
240,4.047274112701416,0.19090914726257324,0.3716180920600891,0.010200188495218754,3.2364661693573,1.312258243560791,-1.9242079257965088,0.0,0.19493268430233002,0.3403683006763458,0.0027318052016198635,1.5093037575297785e-07,5.943757787463255e-05,9.482050895690918,10.900958061218262,12,17,1.3088547348161228e-05,0.12580981850624084,4.9711408792063594e-05,0.13030163943767548
241,4.046975612640381,0.19098874926567078,0.3718183636665344,0.010159148834645748,3.2364661693573,1.3124580383300781,-1.9240081310272217,0.0,0.19503605365753174,0.3402326703071594,0.0027291306760162115,1.5060049918247387e-07,6.188813131302595e-05,9.482812881469727,10.90361499786377,12,17,1.321598028880544e-05,0.12607502937316895,4.966559572494589e-05,0.13102678954601288
242,4.046749114990234,0.19103914499282837,0.3719575107097626,0.010120764374732971,3.2364661693573,1.3125982284545898,-1.92386794090271,0.0,0.19518762826919556,0.3401472866535187,0.0027264549862593412,1.5010701304163376e-07,6.241804658202454e-05,9.483816146850586,10.909666061401367,12,17,1.3349350410862826e-05,0.12617070972919464,4.9848869821289554e-05,0.1309167593717575
243,4.046619892120361,0.1911838799715042,0.3722929358482361,0.010074836201965809,3.2364661693573,1.312730312347412,-1.9237358570098877,0.0,0.19543734192848206,0.3400062918663025,0.0027235972229391336,1.4965121408749837e-07,6.178616604302078e-05,9.483936309814453,10.912097930908203,12,19,1.3477665561367758e-05,0.1257871836423874,5.007873187423684e-05,0.13067907094955444
244,4.046552658081055,0.19141541421413422,0.3727874159812927,0.010043400339782238,3.2364661693573,1.3128652572631836,-1.9236009120941162,0.0,0.1955542266368866,0.34012502431869507,0.002720736199989915,1.4921333502115885e-07,5.875838905922137e-05,9.481675148010254,10.941275596618652,12,18,1.3585367014457006e-05,0.12568362057209015,5.056746886111796e-05,0.13013547658920288
245,4.046496868133545,0.1916274130344391,0.3732406795024872,0.010014157742261887,3.2364661693573,1.3129849433898926,-1.9234812259674072,0.0,0.1956729292869568,0.34023112058639526,0.0027181184850633144,1.4876320619805483e-07,5.5745691497577354e-05,9.478791236877441,10.972023963928223,12,18,1.3665366168424953e-05,0.12610715627670288,5.103476723888889e-05,0.12971754372119904
246,4.046247482299805,0.19175375998020172,0.37350910902023315,0.00999840535223484,3.2364661693573,1.313154697418213,-1.923311471939087,0.0,0.19578173756599426,0.34031638503074646,0.0027162719052284956,1.4835848105576588e-07,5.196432539378293e-05,9.476900100708008,11.004958152770996,12,18,1.3730235878028907e-05,0.12579861283302307,5.1306717068655416e-05,0.12973515689373016
247,4.0460662841796875,0.19188138842582703,0.37377116084098816,0.009991630911827087,3.2364661693573,1.3132905960083008,-1.923175573348999,0.0,0.19583944976329803,0.3404344916343689,0.002714464208111167,1.4794530045492138e-07,4.806052311323583e-05,9.47498893737793,11.044095993041992,11,18,1.378734850732144e-05,0.12560094892978668,5.1512990467017516e-05,0.12998010218143463
248,4.0459771156311035,0.19201511144638062,0.3740413188934326,0.009988909587264061,3.2364661693573,1.3133773803710938,-1.923088788986206,4.205998266115785e-06,0.19581151008605957,0.3406324088573456,0.0027125622145831585,1.476271052069933e-07,4.232838182360865e-05,9.471795082092285,11.093963623046875,11,18,1.3842732187185902e-05,0.1258990466594696,5.1679639000212774e-05,0.129830464720726
249,4.045765399932861,0.1921343207359314,0.3742956519126892,0.009972980245947838,3.2364661693573,1.3135223388671875,-1.9229438304901123,5.0406670197844505e-06,0.19593214988708496,0.3405565023422241,0.0027105652261525393,1.4736056641595496e-07,3.8314312405418605e-05,9.468758583068848,11.116479873657227,11,18,1.390139641443966e-05,0.12592703104019165,5.163441164768301e-05,0.13023237884044647
250,4.045559883117676,0.1922179013490677,0.3744921088218689,0.009943706914782524,3.2364661693573,1.313652515411377,-1.9228136539459229,0.0,0.1961735486984253,0.3402804434299469,0.0027085773181170225,1.4707900675148267e-07,3.661871232907288e-05,9.466318130493164,11.119199752807617,11,18,1.3982697964820545e-05,0.12562021613121033,5.134828825248405e-05,0.13071757555007935
251,4.0454254150390625,0.1923622190952301,0.37480998039245605,0.009914472699165344,3.2364661693573,1.3137812614440918,-1.922684907913208,0.0,0.1963745355606079,0.3400290310382843,0.002707103965803981,1.4701821271501103e-07,3.5016826586797833e-05,9.461668014526367,11.11957836151123,11,18,1.4035397725820076e-05,0.12562738358974457,5.092367064207792e-05,0.13052991032600403
252,4.045284748077393,0.1924816519021988,0.3750719726085663,0.009891320019960403,3.2364661693573,1.313899040222168,-1.9225671291351318,0.0,0.19648370146751404,0.33984243869781494,0.002705718157812953,1.4702122541621065e-07,3.293783447588794e-05,9.456390380859375,11.118523597717285,11,18,1.4072385965846479e-05,0.12571758031845093,5.045412763138302e-05,0.12967950105667114
253,4.045133590698242,0.19265399873256683,0.37544387578964233,0.009864128194749355,3.2364661693573,1.3140535354614258,-1.922412633895874,0.0,0.19660696387290955,0.3396909832954407,0.002704853657633066,1.4696037453632016e-07,3.1806401239009574e-05,9.450675010681152,11.127983093261719,11,18,1.4102879504207522e-05,0.12576138973236084,5.0303882744628936e-05,0.12897151708602905
254,4.045067310333252,0.1928599327802658,0.3758794367313385,0.009840435348451138,3.2364661693573,1.3141875267028809,-1.922278642654419,0.0,0.19654464721679688,0.339771568775177,0.0027021528221666813,1.4677689819109219e-07,3.127766467514448e-05,9.44577693939209,11.162521362304688,11,18,1.415100723534124e-05,0.12571881711483002,5.041478652856313e-05,0.129082590341568
255,4.044900894165039,0.1929766833782196,0.3761625289916992,0.009790847077965736,3.2364661693573,1.3143186569213867,-1.922147512435913,0.0,0.19678208231925964,0.339510440826416,0.0026998177636414766,1.465658243660073e-07,2.9814040317432955e-05,9.440374374389648,11.176424980163574,11,18,1.4223732250684407e-05,0.12579800188541412,5.0376922445138916e-05,0.12874968349933624
256,4.0447492599487305,0.19309765100479126,0.37646690011024475,0.00972840003669262,3.2364661693573,1.3144421577453613,-1.9220240116119385,0.0,0.19694212079048157,0.3393505811691284,0.0026976086664944887,1.46313254845154e-07,2.7615555154625326e-05,9.435639381408691,11.200451850891113,11,17,1.4303353964351118e-05,0.12607382237911224,5.044258796260692e-05,0.1291232705116272
257,4.044595718383789,0.1932012438774109,0.37674981355667114,0.009652674198150635,3.2364661693573,1.3145699501037598,-1.92189621925354,0.0,0.1969897449016571,0.3392751216888428,0.002695586998015642,1.4596501785035798e-07,2.7585909265326336e-05,9.432391166687012,11.22509479522705,11,18,1.4386667317012325e-05,0.12598374485969543,5.0530583393992856e-05,0.129462331533432
258,4.044426918029785,0.19327718019485474,0.37696573138237,0.009588642045855522,3.2364661693573,1.3146944046020508,-1.921771764755249,0.0,0.19699929654598236,0.33919385075569153,0.002693933667615056,1.4566576567176526e-07,2.8164467948954552e-05,9.42971134185791,11.244750022888184,11,18,1.4439142432820518e-05,0.1256837248802185,5.051405605627224e-05,0.12976853549480438
259,4.044182777404785,0.19328859448432922,0.3770313262939453,0.009545869193971157,3.2364661693573,1.3148202896118164,-1.9216458797454834,0.0,0.19697275757789612,0.3391326665878296,0.002692954847589135,1.4547254068020266e-07,2.7964055334450677e-05,9.426332473754883,11.262208938598633,11,17,1.4463029401667882e-05,0.12576033174991608,5.030212560086511e-05,0.12958234548568726
260,4.043806552886963,0.19318091869354248,0.37684789299964905,0.009513936936855316,3.2364661693573,1.3149495124816895,-1.9215166568756104,0.0,0.19691184163093567,0.33919280767440796,0.0026921164244413376,1.4526418112836836e-07,2.68682179012103e-05,9.423200607299805,11.287566184997559,11,17,1.4479560377367307e-05,0.12595529854297638,5.0261842261534184e-05,0.12870030105113983
261,4.043511390686035,0.19314780831336975,0.3768036961555481,0.009491922333836555,3.2364661693573,1.31508207321167,-1.9213840961456299,0.0,0.1969180703163147,0.3391183614730835,0.002691243076696992,1.449848099355222e-07,2.733962901402265e-05,9.421236991882324,11.301261901855469,11,17,1.4502986232400872e-05,0.12587302923202515,4.9979964387603104e-05,0.12850137054920197
262,4.043163776397705,0.1930902898311615,0.37672802805900574,0.009452558122575283,3.2364661693573,1.315223217010498,-1.9212429523468018,0.0,0.19700950384140015,0.3389904499053955,0.0026900828815996647,1.448245825486083e-07,2.686287189135328e-05,9.418254852294922,11.321846961975098,11,17,1.453522145311581e-05,0.12577924132347107,5.009047163184732e-05,0.128848135471344
263,4.0428948402404785,0.19309130311012268,0.3767811954021454,0.00940142385661602,3.2364661693573,1.3153529167175293,-1.9211132526397705,0.0,0.19706600904464722,0.3389003276824951,0.00268859532661736,1.44635933452264e-07,2.594039324321784e-05,9.415910720825195,11.348387718200684,11,17,1.4607356206397526e-05,0.12573227286338806,5.0247217586729676e-05,0.1294434517621994
264,4.0426025390625,0.19312149286270142,0.37690356373786926,0.009339415468275547,3.2364661693573,1.3155126571655273,-1.9209535121917725,0.0,0.19712142646312714,0.33880409598350525,0.002687679370865226,1.4463959985278052e-07,2.5958361220546067e-05,9.412312507629395,11.37166976928711,11,17,1.4636505511589348e-05,0.12575846910476685,5.0274687964702025e-05,0.13002212345600128
265,4.0424065589904785,0.19317491352558136,0.3770483136177063,0.009301510639488697,3.2364661693573,1.3156356811523438,-1.920830488204956,0.0,0.1971445381641388,0.3387317657470703,0.002686981577426195,1.4486030863736232e-07,2.5762048608157784e-05,9.408666610717773,11.392044067382812,11,17,1.4642218957305886e-05,0.1256522387266159,5.0106853450415656e-05,0.13023719191551208
266,4.042150974273682,0.19318020343780518,0.37706881761550903,0.009291599504649639,3.2364661693573,1.3157658576965332,-1.9207003116607666,0.0,0.19725395739078522,0.33854979276657104,0.002689017215743661,1.4536584558300092e-07,2.5993396775447764e-05,9.404048919677734,11.397518157958984,11,18,1.4603507224819623e-05,0.12592679262161255,4.954063115292229e-05,0.13022205233573914
267,4.041880130767822,0.19313086569309235,0.37698501348495483,0.00927671231329441,3.2364661693573,1.3158612251281738,-1.920604944229126,0.0,0.1974136084318161,0.3383992612361908,0.0026901112869381905,1.4577511819879874e-07,2.322676664334722e-05,9.40131664276123,11.401410102844238,11,17,1.4582556104869582e-05,0.12563203275203705,4.9076963478000835e-05,0.12943953275680542
268,4.041586399078369,0.19307449460029602,0.3769022226333618,0.009246759116649628,3.2364661693573,1.315962314605713,-1.920503854751587,0.0,0.19755762815475464,0.3383305072784424,0.0026906668208539486,1.4608771436996904e-07,1.9738405171665363e-05,9.398524284362793,11.413166999816895,11,17,1.4562596334144473e-05,0.12578508257865906,4.871217242907733e-05,0.12831687927246094
269,4.041470527648926,0.19308340549468994,0.37694934010505676,0.009217480197548866,3.2364661693573,1.316011905670166,-1.9204542636871338,0.0,0.19749021530151367,0.33852386474609375,0.002690434455871582,1.4631976341661357e-07,1.6864254575921223e-05,9.394735336303711,11.450267791748047,11,17,1.4542451935994904e-05,0.12568891048431396,4.853096106671728e-05,0.12797479331493378
270,4.041237831115723,0.19313956797122955,0.37709784507751465,0.009181298315525055,3.2364661693573,1.316145896911621,-1.9203202724456787,0.0,0.19746655225753784,0.3386329412460327,0.002689797431230545,1.4645986823325075e-07,1.4602232113247737e-05,9.390321731567383,11.489851951599121,11,17,1.4524214748234954e-05,0.12576410174369812,4.8481520934728906e-05,0.1278669536113739
271,4.041033744812012,0.19324028491973877,0.37734168767929077,0.009138880297541618,3.2364661693573,1.3162970542907715,-1.9201691150665283,0.0,0.19752514362335205,0.3384493589401245,0.0026885762345045805,1.466119101678487e-07,1.4695044228574261e-05,9.385894775390625,11.503949165344238,11,17,1.4494255992758553e-05,0.12563163042068481,4.83928233734332e-05,0.12830927968025208
272,4.040846347808838,0.1933264136314392,0.3775678873062134,0.009084937162697315,3.2364661693573,1.3164525032043457,-1.920013666152954,7.859780453145504e-07,0.19760456681251526,0.33815622329711914,0.002686985768377781,1.4679602600153885e-07,1.896702997328248e-05,9.381641387939453,11.506272315979004,11,17,1.446343867428368e-05,0.12561887502670288,4.835971412830986e-05,0.1298479586839676
273,4.040774345397949,0.19346937537193298,0.3778320252895355,0.009106727316975594,3.2364661693573,1.3165931701660156,-1.9198729991912842,1.016189344227314e-06,0.19778543710708618,0.33765244483947754,0.0026853305753320456,1.469608861270899e-07,2.665320789674297e-05,9.378543853759766,11.478901863098145,11,17,1.4441799066844396e-05,0.12559722363948822,4.863302092417143e-05,0.13134196400642395
274,4.040741443634033,0.1936700940132141,0.37822529673576355,0.00911489874124527,3.2364661693573,1.3166985511779785,-1.9197676181793213,0.0,0.1978667974472046,0.337564617395401,0.002683250932022929,1.4714471774368576e-07,2.470705658197403e-05,9.373796463012695,11.48986530303955,11,17,1.4394297068065498e-05,0.125605970621109,4.908182381768711e-05,0.13074098527431488
275,4.040735244750977,0.1938927322626114,0.3786734938621521,0.00911197904497385,3.2364661693573,1.3167777061462402,-1.9196884632110596,1.4146498870104551e-06,0.19801975786685944,0.33767426013946533,0.0026819275226444006,1.4734241915448365e-07,1.726311347738374e-05,9.367803573608398,11.529919624328613,11,17,1.430938300472917e-05,0.12605659663677216,4.96911488880869e-05,0.12885592877864838
276,4.040793418884277,0.19411958754062653,0.379150927066803,0.009088240563869476,3.2364661693573,1.3168354034423828,-1.919630765914917,2.406799467280507e-06,0.19816327095031738,0.3378453850746155,0.002680813893675804,1.4739470088898088e-07,1.1579159036045894e-05,9.364442825317383,11.57856273651123,11,17,1.4258650480769575e-05,0.12559860944747925,5.007297295378521e-05,0.1275937557220459
277,4.040681838989258,0.19423368573188782,0.379419207572937,0.009048167616128922,3.2364661693573,1.3169360160827637,-1.9195301532745361,1.0851654224097729e-06,0.19840654730796814,0.33777666091918945,0.002679315861314535,1.4743373810688354e-07,9.401055649504997e-06,9.36146068572998,11.610172271728516,11,17,1.4213584108802024e-05,0.1257593333721161,5.0298716814722866e-05,0.12749481201171875
278,4.040476322174072,0.1942165046930313,0.37944379448890686,0.00898920837789774,3.2364661693573,1.3170175552368164,-1.9194486141204834,0.0,0.19866542518138885,0.33757349848747253,0.0026779379695653915,1.4757303290480195e-07,7.413719686155673e-06,9.357926368713379,11.629573822021484,11,18,1.4174518582876772e-05,0.12574751675128937,5.0439321057638153e-05,0.12688851356506348
279,4.040231704711914,0.1941899210214615,0.3794366121292114,0.008943228051066399,3.2364661693573,1.3171253204345703,-1.9193408489227295,0.0,0.19873064756393433,0.3375142216682434,0.0026756764855235815,1.4754674282357882e-07,7.360446943494026e-06,9.35568904876709,11.655816078186035,11,18,1.4163220839691348e-05,0.1256791204214096,5.079971015220508e-05,0.12737105786800385
280,4.0400919914245605,0.19424515962600708,0.37956666946411133,0.008923638612031937,3.2364661693573,1.317220687866211,-1.9192454814910889,0.0,0.19882795214653015,0.33724796772003174,0.0026738280430436134,1.475730755373661e-07,7.496682883356698e-06,9.35328197479248,11.652743339538574,11,18,1.4140867278911173e-05,0.12550164759159088,5.06322794535663e-05,0.12789855897426605
281,4.0400004386901855,0.19435298442840576,0.3797892928123474,0.008916674181818962,3.2364661693573,1.3173203468322754,-1.9191458225250244,0.0,0.19885900616645813,0.33702796697616577,0.0026724718045443296,1.4774444423437672e-07,7.910070962680038e-06,9.348957061767578,11.644039154052734,11,18,1.4091855518927332e-05,0.12542341649532318,5.03393639519345e-05,0.12790408730506897
282,4.039931297302246,0.19449791312217712,0.38010016083717346,0.008895672857761383,3.2364661693573,1.3174338340759277,-1.919032335281372,0.0,0.19895178079605103,0.33671802282333374,0.0026714501436799765,1.4801237568917713e-07,9.873924682324287e-06,9.343181610107422,11.626285552978516,11,18,1.4011948223924264e-05,0.12591560184955597,5.012041219742969e-05,0.1279970109462738
283,4.0398640632629395,0.1946060210466385,0.3803393840789795,0.008872663602232933,3.2364661693573,1.3175244331359863,-1.9189417362213135,0.0,0.1990879476070404,0.3363626003265381,0.0026697434950619936,1.4820385274560977e-07,1.1216427992621902e-05,9.338604927062988,11.606045722961426,11,18,1.3938437405158766e-05,0.12560580670833588,4.987713327864185e-05,0.12830789387226105
284,4.039749622344971,0.19466012716293335,0.3804667890071869,0.008853457868099213,3.2364661693573,1.31760835647583,-1.9188578128814697,0.0,0.19929054379463196,0.3359653949737549,0.0026674249675124884,1.4841488393813052e-07,1.1978993825323414e-05,9.334250450134277,11.580697059631348,11,18,1.3873116586182732e-05,0.125674769282341,4.950257789460011e-05,0.12830989062786102
285,4.039539337158203,0.1946668028831482,0.38051873445510864,0.008814883418381214,3.2364661693573,1.3177123069763184,-1.9187538623809814,0.0,0.19959165155887604,0.3355693519115448,0.00266540446318686,1.4863206843074295e-07,1.188948044728022e-05,9.329553604125977,11.566929817199707,11,19,1.3809690244670492e-05,0.12560461461544037,4.9155132728628814e-05,0.12813857197761536
286,4.03934383392334,0.19463908672332764,0.38050758838653564,0.008770573884248734,3.2364661693573,1.317786693572998,-1.9186794757843018,0.0,0.19991233944892883,0.3352118134498596,0.0026631413493305445,1.4880980359066598e-07,1.0726851542131044e-05,9.325579643249512,11.562347412109375,11,19,1.37674242068897e-05,0.12573198974132538,4.871223063673824e-05,0.12781819701194763
287,4.039081573486328,0.19459861516952515,0.38043588399887085,0.008761339820921421,3.2364661693573,1.3178834915161133,-1.9185826778411865,0.0,0.20014816522598267,0.33492785692214966,0.0026615133974701166,1.489679846145009e-07,8.53815163281979e-06,9.32295036315918,11.564684867858887,11,19,1.3720498827751726e-05,0.1255263239145279,4.815718057216145e-05,0.12754696607589722
288,4.0389180183410645,0.19460730254650116,0.3804742693901062,0.00874033197760582,3.2364661693573,1.3179583549499512,-1.9185078144073486,0.0,0.2001076489686966,0.33485448360443115,0.0026609888300299644,1.4937775461021374e-07,6.458430561906425e-06,9.319372177124023,11.572879791259766,11,19,1.3664406651514582e-05,0.12547609210014343,4.743957470054738e-05,0.1273677796125412
289,4.038795471191406,0.19468456506729126,0.380642831325531,0.00872628390789032,3.2364661693573,1.3180546760559082,-1.9184114933013916,0.0,0.20004703104496002,0.33477914333343506,0.0026602016296237707,1.49836154150762e-07,5.88436614634702e-06,9.315460205078125,11.582267761230469,11,19,1.360212809231598e-05,0.12586884200572968,4.667072425945662e-05,0.12738463282585144
290,4.038734436035156,0.19480204582214355,0.38088303804397583,0.008721062913537025,3.2364661693573,1.3181452751159668,-1.918320894241333,0.0,0.20003452897071838,0.3346073031425476,0.0026595606468617916,1.5029155520096538e-07,6.540447429870255e-06,9.312313079833984,11.585001945495605,11,18,1.3538573512050789e-05,0.12578009068965912,4.594801794155501e-05,0.1277683973312378
291,4.038600921630859,0.1948920488357544,0.381056010723114,0.008728083223104477,3.2364661693573,1.3182573318481445,-1.9182088375091553,0.0,0.20029176771640778,0.33414945006370544,0.0026590677443891764,1.5075232795425109e-07,7.5421526162244845e-06,9.309549331665039,11.567804336547852,11,18,1.3485470844898373e-05,0.12556029856204987,4.507868652581237e-05,0.12838710844516754
292,4.038416862487793,0.1949266791343689,0.3811187148094177,0.008734650909900665,3.2364661693573,1.3183598518371582,-1.9181063175201416,0.0,0.20064519345760345,0.3336012363433838,0.0026588935870677233,1.5115662677089858e-07,7.270411515492015e-06,9.306597709655762,11.535409927368164,11,17,1.343052281299606e-05,0.1256575733423233,4.436768722371198e-05,0.12835665047168732
293,4.038180351257324,0.19493500888347626,0.38111943006515503,0.008750597015023232,3.2364661693573,1.3184747695922852,-1.9179913997650146,7.2646071203053e-07,0.20094013214111328,0.3331010341644287,0.0026588640175759792,1.5143439213716192e-07,6.660423878201982e-06,9.304572105407715,11.500131607055664,11,17,1.3377892173593864e-05,0.12551824748516083,4.3846106564160436e-05,0.1278633177280426
294,4.038102149963379,0.19500994682312012,0.3812761902809143,0.008743696846067905,3.2364661693573,1.3185482025146484,-1.9179179668426514,2.2772583179175854e-06,0.20112329721450806,0.33271557092666626,0.002658397424966097,1.5160387079049542e-07,6.66722007736098e-06,9.302207946777344,11.469532012939453,11,17,1.3352875612326898e-05,0.12546811997890472,4.3315962102496997e-05,0.12712721526622772
295,4.038135051727295,0.19517004489898682,0.3816142976284027,0.008725806139409542,3.2364661693573,1.3186125755310059,-1.917853593826294,3.029970685020089e-06,0.2013743370771408,0.3322420120239258,0.002657941309735179,1.5175403689227096e-07,7.733949132671114e-06,9.299001693725586,11.437896728515625,11,17,1.332625743089011e-05,0.12588348984718323,4.2980136640835553e-05,0.12713530659675598
296,4.038032054901123,0.19528591632843018,0.38188743591308594,0.008684402331709862,3.2364661693573,1.318723201751709,-1.9177429676055908,2.053799107670784e-06,0.20157524943351746,0.3318823575973511,0.0026572165079414845,1.5182631329935248e-07,8.77119236974977e-06,9.296377182006836,11.42526912689209,11,17,1.331800922343973e-05,0.12597127258777618,4.310370422899723e-05,0.12747961282730103
297,4.037890434265137,0.19530344009399414,0.38196665048599243,0.008640234358608723,3.2364661693573,1.3188056945800781,-1.9176604747772217,5.216279532760382e-07,0.20182445645332336,0.3314756453037262,0.0026562861166894436,1.5174589407251915e-07,1.0341972483729478e-05,9.295001029968262,11.410030364990234,11,17,1.3291042705532163e-05,0.12567146122455597,4.3260024540359154e-05,0.12806490063667297
298,4.03777551651001,0.19530105590820312,0.3820229470729828,0.008579165674746037,3.2364661693573,1.3188505172729492,-1.9176156520843506,0.0,0.20194634795188904,0.33129727840423584,0.002655166434124112,1.5158367716594512e-07,8.445513230981305e-06,9.294242858886719,11.413262367248535,11,17,1.3285628483572509e-05,0.12559135258197784,4.359507511253469e-05,0.1278664469718933
299,4.0376482009887695,0.19532738626003265,0.38210269808769226,0.008552071638405323,3.2364661693573,1.3189239501953125,-1.9175422191619873,0.0,0.202181875705719,0.3309025764465332,0.0026540954131633043,1.5164354749686026e-07,8.625059308542404e-06,9.291451454162598,11.404909133911133,11,17,1.323820833931677e-05,0.12566258013248444,4.365861605037935e-05,0.12810984253883362
300,4.037653923034668,0.1953916847705841,0.38226398825645447,0.008519366383552551,3.2364661693573,1.318948745727539,-1.9175174236297607,4.83618350699544e-07,0.20232045650482178,0.330607146024704,0.0026528628077358007,1.5181385037976725e-07,8.24480321170995e-06,9.28744888305664,11.400918006896973,11,17,1.3195022802392486e-05,0.12605611979961395,4.367307701613754e-05,0.12800297141075134
